dist,rho,n,trial,ell,empirical,truncated,true_paired,true_gittins,fcfs,plcfs
1-6-14,0.98,10,28,15.02,347.1812082924974,347.1812082924974,238.52668687550798,246.59908642224494,279.7048335461678,352.8057550150208
1-6-14,0.98,10,29,13.97,1714.8684097587925,1714.8684097587925,240.48738126341962,246.59908642224494,279.7048335461678,352.8057550150208
1-6-14,0.98,10,30,14.44,971.3398686070242,971.3398686070242,241.54423574933023,246.59908642224494,279.7048335461678,352.8057550150208
1-6-14,0.98,10,31,14.92,475.34663942626196,475.34663942626196,264.70960953621983,246.59908642224494,279.7048335461678,352.8057550150208
1-6-14,0.98,10,40,14.61,610.9774825375179,610.9774825375179,226.54285156382267,246.59908642224494,279.7048335461678,352.8057550150208
1-6-14,0.98,10,41,14.88,419.1924185828209,419.1924185828209,244.06560716320053,246.59908642224494,279.7048335461678,352.8057550150208
1-6-14,0.98,10,42,13.83,1911.8548643692639,1911.8548643692639,249.26963150154145,246.59908642224494,279.7048335461678,352.8057550150208
1-6-14,0.98,10,43,15.08,363.11756344214,363.11756344214,252.88032142073143,246.59908642224494,279.7048335461678,352.8057550150208
1-6-14,0.98,10,8,14.57,781.5885299088183,781.5885299088183,247.3001076849326,246.59908642224494,279.7048335461678,352.8057550150208
1-6-14,0.98,10,9,14.26,1062.6157823015285,1062.6157823015285,212.8152260209293,246.59908642224494,279.7048335461678,352.8057550150208
1-6-14,0.98,10,10,14.22,1346.7999772665185,1346.7999772665185,228.2279837318228,246.59908642224494,279.7048335461678,352.8057550150208
1-6-14,0.98,10,11,14.73,595.6243613220802,595.6243613220802,244.38227023747157,246.59908642224494,279.7048335461678,352.8057550150208
1-6-14,0.98,10,16,14.84,440.8959900058792,440.8959900058792,228.9756495689018,246.59908642224494,279.7048335461678,352.8057550150208
1-6-14,0.98,10,17,14.200000000000001,1729.2117479728008,1729.2117479728008,268.7270910218199,246.59908642224494,279.7048335461678,352.8057550150208
1-6-14,0.98,10,18,14.61,802.9117276433783,802.9117276433783,259.4086252572762,246.59908642224494,279.7048335461678,352.8057550150208
1-6-14,0.98,10,19,14.64,753.1512454214859,753.1512454214859,240.8301216392671,246.59908642224494,279.7048335461678,352.8057550150208
1-6-14,0.98,10,36,14.67,715.7897914117889,715.7897914117889,257.8527357986465,246.59908642224494,279.7048335461678,352.8057550150208
1-6-14,0.98,10,37,14.5,877.70057351228,877.70057351228,246.56911725179714,246.59908642224494,279.7048335461678,352.8057550150208
1-6-14,0.98,10,38,14.22,1515.934436789326,1515.934436789326,259.9023512332135,246.59908642224494,279.7048335461678,352.8057550150208
1-6-14,0.98,10,39,14.620000000000001,773.049209570066,773.049209570066,259.1441460885822,246.59908642224494,279.7048335461678,352.8057550150208
1-6-14,0.98,10,20,14.09,1388.7474382753467,1388.7474382753467,224.18571976358487,246.59908642224494,279.7048335461678,352.8057550150208
1-6-14,0.98,10,21,14.64,651.0296809338207,651.0296809338207,242.99820671132917,246.59908642224494,279.7048335461678,352.8057550150208
1-6-14,0.98,10,22,13.950000000000001,1953.9057906280868,1953.9057906280868,259.18068018292365,246.59908642224494,279.7048335461678,352.8057550150208
1-6-14,0.98,10,23,15.1,352.24265442301186,352.24265442301186,256.6462705498192,246.59908642224494,279.7048335461678,352.8057550150208
1-6-14,0.98,10,44,14.51,932.4024944082325,932.4024944082325,260.7232076198018,246.59908642224494,279.7048335461678,352.8057550150208
1-6-14,0.98,10,45,14.56,900.9068859602104,900.9068859602104,264.3561031079341,246.59908642224494,279.7048335461678,352.8057550150208
1-6-14,0.98,10,46,14.26,1464.5448162758569,1464.5448162758569,266.942592561973,246.59908642224494,279.7048335461678,352.8057550150208
1-6-14,0.98,10,47,14.530000000000001,916.2498714244142,916.2498714244142,263.38651577376925,246.59908642224494,279.7048335461678,352.8057550150208
1-6-14,0.98,10,24,14.66,649.273855041496,649.273855041496,251.78875787271065,246.59908642224494,279.7048335461678,352.8057550150208
1-6-14,0.98,10,25,14.16,1490.5182846599905,1490.5182846599905,234.6758550028123,246.59908642224494,279.7048335461678,352.8057550150208
1-6-14,0.98,10,26,14.58,878.2097044647418,878.2097044647418,267.29561895644537,246.59908642224494,279.7048335461678,352.8057550150208
1-6-14,0.98,10,27,14.4,1057.496278946446,1057.496278946446,245.1469427328135,246.59908642224494,279.7048335461678,352.8057550150208
1-6-14,0.98,10,12,14.02,1608.822242861838,1608.822242861838,236.260783600439,246.59908642224494,279.7048335461678,352.8057550150208
1-6-14,0.98,10,13,14.94,407.4927791250176,407.4927791250176,268.2573840245037,246.59908642224494,279.7048335461678,352.8057550150208
1-6-14,0.98,10,14,14.64,774.69995877814,774.69995877814,270.82676996059575,246.59908642224494,279.7048335461678,352.8057550150208
1-6-14,0.98,10,15,14.14,1429.2287477304876,1429.2287477304876,237.8139878545725,246.59908642224494,279.7048335461678,352.8057550150208
1-6-14,0.98,10,4,13.75,1763.3711308829802,1763.3711308829802,236.06183607228556,246.59908642224494,279.7048335461678,352.8057550150208
1-6-14,0.98,10,5,14.43,1132.6807866431307,1132.6807866431307,248.02705068638016,246.59908642224494,279.7048335461678,352.8057550150208
1-6-14,0.98,10,6,14.6,982.8686920570401,982.8686920570401,297.5056965184065,246.59908642224494,279.7048335461678,352.8057550150208
1-6-14,0.98,10,7,14.32,1447.062862233955,1447.062862233955,274.21205237402353,246.59908642224494,279.7048335461678,352.8057550150208
1-6-14,0.98,10,32,14.48,961.6949034457025,961.6949034457025,245.95506640242974,246.59908642224494,279.7048335461678,352.8057550150208
1-6-14,0.98,10,33,13.870000000000001,1646.5738796274973,1646.5738796274973,232.594276751457,246.59908642224494,279.7048335461678,352.8057550150208
1-6-14,0.98,10,34,14.5,932.8926454065596,932.8926454065596,250.71096491417927,246.59908642224494,279.7048335461678,352.8057550150208
1-6-14,0.98,10,35,14.030000000000001,1785.7675632180874,1785.7675632180874,254.22852176985174,246.59908642224494,279.7048335461678,352.8057550150208
1-6-14,0.98,10,0,14.52,918.8127743810555,918.8127743810555,250.34540098805988,246.59908642224494,279.7048335461678,352.8057550150208
1-6-14,0.98,10,1,13.6,1966.8158604035707,1966.8158604035707,252.15055161319606,246.59908642224494,279.7048335461678,352.8057550150208
1-6-14,0.98,10,2,14.11,1702.648921649721,1702.648921649721,253.01589870204316,246.59908642224494,279.7048335461678,352.8057550150208
1-6-14,0.98,10,3,13.23,1735.3231190730874,1735.3231190730874,261.3072047516033,246.59908642224494,279.7048335461678,352.8057550150208
1-6-14,0.98,10,48,15.290000000000001,287.3138519254743,287.3138519254743,235.98160793370752,246.59908642224494,279.7048335461678,352.8057550150208
1-6-14,0.98,10,49,14.49,921.8132608058559,921.8132608058559,250.2060895113885,246.59908642224494,279.7048335461678,352.8057550150208
1-6-14,0.98,10,50,15.25,321.7131476890852,321.7131476890852,237.6381850790611,246.59908642224494,279.7048335461678,352.8057550150208
1-6-14,0.98,10,51,6.5600000000000005,339.38222067079175,339.38222067079175,239.82426352886222,246.59908642224494,279.7048335461678,352.8057550150208
1-6-14,0.98,10,68,14.92,451.71951029373906,451.71951029373906,270.3526030870268,246.59908642224494,279.7048335461678,352.8057550150208
1-6-14,0.98,10,69,14.42,923.1647007875234,923.1647007875234,234.86896903176063,246.59908642224494,279.7048335461678,352.8057550150208
1-6-14,0.98,10,70,14.65,668.6618864556912,668.6618864556912,239.26020737273575,246.59908642224494,279.7048335461678,352.8057550150208
1-6-14,0.98,10,71,15.26,262.6794449225601,262.6794449225601,239.09693138704492,246.59908642224494,279.7048335461678,352.8057550150208
1-6-14,0.98,10,56,14.67,696.0584003087464,696.0584003087464,261.42088103766076,246.59908642224494,279.7048335461678,352.8057550150208
1-6-14,0.98,10,57,14.370000000000001,1087.7229351314288,1087.7229351314288,235.96861614307232,246.59908642224494,279.7048335461678,352.8057550150208
1-6-14,0.98,10,58,7.15,320.9734987894828,320.9734987894828,231.7150385501512,246.59908642224494,279.7048335461678,352.8057550150208
1-6-14,0.98,10,59,14.26,1419.7660038186887,1419.7660038186887,256.2229220629313,246.59908642224494,279.7048335461678,352.8057550150208
1-6-14,0.98,10,72,14.38,997.4765792602676,997.4765792602676,234.20626459108075,246.59908642224494,279.7048335461678,352.8057550150208
1-6-14,0.98,10,73,14.73,615.2384404837236,615.2384404837236,252.47754636821202,246.59908642224494,279.7048335461678,352.8057550150208
1-6-14,0.98,10,74,15.33,320.8740940625328,320.8740940625328,261.2744171929359,246.59908642224494,279.7048335461678,352.8057550150208
1-6-14,0.98,10,75,14.15,1785.9558124262317,1785.9558124262317,271.2534226352138,246.59908642224494,279.7048335461678,352.8057550150208
1-6-14,0.98,10,60,14.92,409.98288258903773,409.98288258903773,231.65599667888705,246.59908642224494,279.7048335461678,352.8057550150208
1-6-14,0.98,10,61,13.85,1706.0701802321773,1706.0701802321773,233.26180043881192,246.59908642224494,279.7048335461678,352.8057550150208
1-6-14,0.98,10,62,14.43,1217.863654170401,1217.863654170401,260.00202900307124,246.59908642224494,279.7048335461678,352.8057550150208
1-6-14,0.98,10,63,14.02,1598.581136457558,1598.581136457558,235.92163230602824,246.59908642224494,279.7048335461678,352.8057550150208
1-6-14,0.98,10,52,14.32,1370.5921880497042,1370.5921880497042,255.8399009960586,246.59908642224494,279.7048335461678,352.8057550150208
1-6-14,0.98,10,53,14.52,858.6379173649113,858.6379173649113,252.24017596008946,246.59908642224494,279.7048335461678,352.8057550150208
1-6-14,0.98,10,54,14.370000000000001,964.404641349963,964.404641349963,224.34782553234928,246.59908642224494,279.7048335461678,352.8057550150208
1-6-14,0.98,10,55,14.1,1673.6210394215823,1673.6210394215823,250.35309120230158,246.59908642224494,279.7048335461678,352.8057550150208
1-6-14,0.98,10,84,13.74,1727.7626103644263,1727.7626103644263,232.65719340755396,246.59908642224494,279.7048335461678,352.8057550150208
1-6-14,0.98,10,85,14.76,568.6965543570246,568.6965543570246,255.75257512265836,246.59908642224494,279.7048335461678,352.8057550150208
1-6-14,0.98,10,86,13.94,1576.7520306685467,1576.7520306685467,226.1006275600302,246.59908642224494,279.7048335461678,352.8057550150208
1-6-14,0.98,10,87,15.5,265.1176553334961,265.1176553334961,223.419600445213,246.59908642224494,279.7048335461678,352.8057550150208
1-6-14,0.98,10,64,13.24,1615.9912935341033,1615.9912935341033,244.63756883007372,246.59908642224494,279.7048335461678,352.8057550150208
1-6-14,0.98,10,65,14.01,1782.3677916404897,1782.3677916404897,250.14935749011724,246.59908642224494,279.7048335461678,352.8057550150208
1-6-14,0.98,10,66,14.530000000000001,760.576305988571,760.576305988571,231.02674502168935,246.59908642224494,279.7048335461678,352.8057550150208
1-6-14,0.98,10,67,14.61,865.68650079231,865.68650079231,266.67774819079307,246.59908642224494,279.7048335461678,352.8057550150208
1-6-14,0.98,10,92,14.85,499.52643049877906,499.52643049877906,263.74323293192646,246.59908642224494,279.7048335461678,352.8057550150208
1-6-14,0.98,10,93,14.67,588.7420396308169,588.7420396308169,236.08151946266904,246.59908642224494,279.7048335461678,352.8057550150208
1-6-14,0.98,10,94,14.38,1058.908679305559,1058.908679305559,243.02007400496825,246.59908642224494,279.7048335461678,352.8057550150208
1-6-14,0.98,10,95,14.870000000000001,412.59551861085004,412.59551861085004,233.30250819539057,246.59908642224494,279.7048335461678,352.8057550150208
1-6-14,0.98,10,80,14.18,1482.9015914207296,1482.9015914207296,244.406274365165,246.59908642224494,279.7048335461678,352.8057550150208
1-6-14,0.98,10,81,13.8,1731.627877432941,1731.627877432941,235.09896145958464,246.59908642224494,279.7048335461678,352.8057550150208
1-6-14,0.98,10,82,14.34,1094.983802810599,1094.983802810599,235.8573499204362,246.59908642224494,279.7048335461678,352.8057550150208
1-6-14,0.98,10,83,14.33,1184.0072484416696,1184.0072484416696,238.7199104767141,246.59908642224494,279.7048335461678,352.8057550150208
1-6-14,0.98,10,76,14.19,1564.3555441994881,1564.3555441994881,254.40709883056408,246.59908642224494,279.7048335461678,352.8057550150208
1-6-14,0.98,10,77,14.620000000000001,744.1152304712782,744.1152304712782,258.6029526979259,246.59908642224494,279.7048335461678,352.8057550150208
1-6-14,0.98,10,78,14.09,1676.5677300992052,1676.5677300992052,242.61285488135775,246.59908642224494,279.7048335461678,352.8057550150208
1-6-14,0.98,10,79,14.35,1359.4336568193658,1359.4336568193658,282.4691462089697,246.59908642224494,279.7048335461678,352.8057550150208
1-6-14,0.98,10,88,14.56,726.7594690851962,726.7594690851962,238.53020029666362,246.59908642224494,279.7048335461678,352.8057550150208
1-6-14,0.98,10,89,13.39,1742.6016730938227,1742.6016730938227,248.0684592849266,246.59908642224494,279.7048335461678,352.8057550150208
1-6-14,0.98,10,90,14.51,849.8328891189085,849.8328891189085,243.56136903027326,246.59908642224494,279.7048335461678,352.8057550150208
1-6-14,0.98,10,91,13.98,1733.7464700822652,1733.7464700822652,241.25483794655955,246.59908642224494,279.7048335461678,352.8057550150208
1-6-14,0.98,100,0,14.86,334.6562616710733,429.18471391032773,247.89943816415857,246.59908642224494,279.7048335461678,352.8057550150208
1-6-14,0.98,100,1,15.02,367.41208049690346,367.41208049690346,258.52040082963487,246.59908642224494,279.7048335461678,352.8057550150208
1-6-14,0.98,100,2,14.83,491.5752641807002,511.54383187262096,264.7535802366464,246.59908642224494,279.7048335461678,352.8057550150208
1-6-14,0.98,100,3,15.15,253.98055274415668,289.07507961439075,241.5814062526718,246.59908642224494,279.7048335461678,352.8057550150208
1-6-14,0.98,100,4,14.790000000000001,387.7953792912801,636.9825714828719,272.73283486485354,246.59908642224494,279.7048335461678,352.8057550150208
1-6-14,0.98,100,5,14.780000000000001,517.6103426069698,517.6103426069698,253.00891850110108,246.59908642224494,279.7048335461678,352.8057550150208
1-6-14,0.98,100,6,15.01,350.0172105796107,400.0656051158403,278.51312202017806,246.59908642224494,279.7048335461678,352.8057550150208
1-6-14,0.98,100,7,14.99,316.58537143061267,343.8444283259621,236.10957768667305,246.59908642224494,279.7048335461678,352.8057550150208
1-6-14,0.98,100,8,14.74,271.50645788806435,497.3275800662,234.4825405399294,246.59908642224494,279.7048335461678,352.8057550150208
1-6-14,0.98,100,9,14.530000000000001,603.9286102349874,752.2933006943139,237.18682216215436,246.59908642224494,279.7048335461678,352.8057550150208
1-6-14,0.98,100,10,15.19,253.42622739730348,281.62315194555464,244.1974092853441,246.59908642224494,279.7048335461678,352.8057550150208
1-6-14,0.98,100,11,14.870000000000001,349.6608976793259,476.80191035391175,272.41034996570824,246.59908642224494,279.7048335461678,352.8057550150208
1-6-14,0.98,10,96,14.76,492.65855571053413,492.65855571053413,229.11142579898384,246.59908642224494,279.7048335461678,352.8057550150208
1-6-14,0.98,10,97,14.700000000000001,654.036273745776,654.036273745776,266.6790846119473,246.59908642224494,279.7048335461678,352.8057550150208
1-6-14,0.98,10,98,13.780000000000001,2031.7576424663969,2031.7576424663969,261.2720064007114,246.59908642224494,279.7048335461678,352.8057550150208
1-6-14,0.98,10,99,14.07,1660.6462810627788,1660.6462810627788,252.52693116522315,246.59908642224494,279.7048335461678,352.8057550150208
1-6-14,0.98,100,12,15.43,251.82553412596988,258.3151097897228,248.8482921151196,246.59908642224494,279.7048335461678,352.8057550150208
1-6-14,0.98,100,13,14.950000000000001,315.010078487548,445.0946188110952,276.02611553639497,246.59908642224494,279.7048335461678,352.8057550150208
1-6-14,0.98,100,14,14.81,397.546046645589,459.187491469181,240.63890812827512,246.59908642224494,279.7048335461678,352.8057550150208
1-6-14,0.98,100,15,14.73,484.19370302881265,524.1022861122864,240.81094031219342,246.59908642224494,279.7048335461678,352.8057550150208
1-6-14,0.98,100,16,15.0,332.7348028924572,365.4167893161398,257.4307644475627,246.59908642224494,279.7048335461678,352.8057550150208
1-6-14,0.98,100,17,14.64,339.37058358090036,651.1538895367227,246.94596215827744,246.59908642224494,279.7048335461678,352.8057550150208
1-6-14,0.98,100,18,14.77,377.8000823295799,464.37047313828975,238.7739051258193,246.59908642224494,279.7048335461678,352.8057550150208
1-6-14,0.98,100,19,14.86,537.954653055268,580.8627367781224,311.08620030483877,246.59908642224494,279.7048335461678,352.8057550150208
1-6-14,0.98,100,28,14.73,299.05036611186796,600.7755893262813,260.29564538132206,246.59908642224494,279.7048335461678,352.8057550150208
1-6-14,0.98,100,29,15.19,288.27064688295525,306.56808897240376,252.13167268545655,246.59908642224494,279.7048335461678,352.8057550150208
1-6-14,0.98,100,30,14.82,441.58619611308427,457.95657818765824,243.69554574933093,246.59908642224494,279.7048335461678,352.8057550150208
1-6-14,0.98,100,31,15.1,276.8185044308568,310.4022032073775,248.3425393443946,246.59908642224494,279.7048335461678,352.8057550150208
1-6-14,0.98,100,32,14.91,282.5822405151071,399.7461995492509,247.1159967679078,246.59908642224494,279.7048335461678,352.8057550150208
1-6-14,0.98,100,33,15.09,249.42797055470834,289.87573400999014,235.5920799374687,246.59908642224494,279.7048335461678,352.8057550150208
1-6-14,0.98,100,34,14.73,317.8581727013428,520.7268781925276,241.19106508713824,246.59908642224494,279.7048335461678,352.8057550150208
1-6-14,0.98,100,35,15.0,282.2376365825025,366.8476160707872,258.1223682382232,246.59908642224494,279.7048335461678,352.8057550150208
1-6-14,0.98,100,20,15.030000000000001,242.8694413069987,313.93677689852444,238.7357109244772,246.59908642224494,279.7048335461678,352.8057550150208
1-6-14,0.98,100,21,14.8,463.1739305785041,471.8093438557047,247.41281088652997,246.59908642224494,279.7048335461678,352.8057550150208
1-6-14,0.98,100,22,14.44,932.1942927195289,986.0771674924177,244.34179334735737,246.59908642224494,279.7048335461678,352.8057550150208
1-6-14,0.98,100,23,14.81,327.41100325378795,467.5525130965591,241.39349245917737,246.59908642224494,279.7048335461678,352.8057550150208
1-6-14,0.98,100,36,14.75,554.5952902171476,601.4943543836563,261.19438852509484,246.59908642224494,279.7048335461678,352.8057550150208
1-6-14,0.98,100,37,14.93,316.2669710081601,397.14337193167995,254.64204477187292,246.59908642224494,279.7048335461678,352.8057550150208
1-6-14,0.98,100,38,14.790000000000001,232.05960427216058,450.4468375434974,228.40553883298807,246.59908642224494,279.7048335461678,352.8057550150208
1-6-14,0.98,100,39,15.21,248.8757805590977,277.21308739615563,243.86804458733337,246.59908642224494,279.7048335461678,352.8057550150208
1-6-14,0.98,100,24,14.77,467.26978150837937,565.9817264956623,263.9627795644803,246.59908642224494,279.7048335461678,352.8057550150208
1-6-14,0.98,100,25,15.07,270.7763722979056,328.844242879332,251.2642020152554,246.59908642224494,279.7048335461678,352.8057550150208
1-6-14,0.98,100,26,15.200000000000001,258.5525982344791,287.756197066981,247.70185974764914,246.59908642224494,279.7048335461678,352.8057550150208
1-6-14,0.98,100,27,14.58,591.1731135827788,960.8251537529358,287.88486491795675,246.59908642224494,279.7048335461678,352.8057550150208
1-6-14,0.98,100,40,14.96,257.33013073857757,357.89524134551436,241.0912898448481,246.59908642224494,279.7048335461678,352.8057550150208
1-6-14,0.98,100,41,15.01,335.3351064181639,349.0336115200781,253.8659590572536,246.59908642224494,279.7048335461678,352.8057550150208
1-6-14,0.98,100,42,14.88,309.9134173222731,451.97441864633487,263.4638464859364,246.59908642224494,279.7048335461678,352.8057550150208
1-6-14,0.98,100,43,14.92,270.26010879998717,410.8697715700729,251.4624287970645,246.59908642224494,279.7048335461678,352.8057550150208
1-6-14,0.98,100,44,14.76,272.8657332379289,612.4523681135814,261.4122799194084,246.59908642224494,279.7048335461678,352.8057550150208
1-6-14,0.98,100,45,14.96,351.0953962627319,382.833572938257,253.4354326283221,246.59908642224494,279.7048335461678,352.8057550150208
1-6-14,0.98,100,46,14.88,460.83962118742585,469.9127458213023,265.88480705622936,246.59908642224494,279.7048335461678,352.8057550150208
1-6-14,0.98,100,47,14.620000000000001,596.3978330168601,706.7267202666859,242.9962347774664,246.59908642224494,279.7048335461678,352.8057550150208
1-6-14,0.98,100,48,14.85,287.52462305924496,411.4189706154313,236.0469082515335,246.59908642224494,279.7048335461678,352.8057550150208
1-6-14,0.98,100,49,14.71,285.66561969423407,589.1767461865281,243.3160122956129,246.59908642224494,279.7048335461678,352.8057550150208
1-6-14,0.98,100,50,14.68,399.55953154773977,688.8352787554135,258.31478320189933,246.59908642224494,279.7048335461678,352.8057550150208
1-6-14,0.98,100,51,14.9,372.7679424856914,424.12851473853885,247.98930083069195,246.59908642224494,279.7048335461678,352.8057550150208
1-6-14,0.98,100,52,14.790000000000001,433.9929559314379,512.195994148916,253.0218314058468,246.59908642224494,279.7048335461678,352.8057550150208
1-6-14,0.98,100,53,14.97,295.479334819088,353.92320158570027,244.0918052078104,246.59908642224494,279.7048335461678,352.8057550150208
1-6-14,0.98,100,54,14.98,288.4447836403269,355.60937023170936,243.97895193601812,246.59908642224494,279.7048335461678,352.8057550150208
1-6-14,0.98,100,55,14.96,303.1570677962336,353.1446852223273,239.48532495414244,246.59908642224494,279.7048335461678,352.8057550150208
1-6-14,0.98,100,56,14.69,345.0768132921164,591.0465358793936,242.90420148697834,246.59908642224494,279.7048335461678,352.8057550150208
1-6-14,0.98,100,57,14.72,541.7624947841363,553.0500145722447,242.51003553964577,246.59908642224494,279.7048335461678,352.8057550150208
1-6-14,0.98,100,58,14.68,353.6770402517751,616.4992730174248,250.96168295275726,246.59908642224494,279.7048335461678,352.8057550150208
1-6-14,0.98,100,59,14.950000000000001,343.03657756430385,390.69613319858087,251.23306355049024,246.59908642224494,279.7048335461678,352.8057550150208
1-6-14,0.98,100,60,15.14,281.2283924118974,286.2542897925475,236.01844163348824,246.59908642224494,279.7048335461678,352.8057550150208
1-6-14,0.98,100,61,15.13,339.45258386613875,342.6956182360095,276.13226038441644,246.59908642224494,279.7048335461678,352.8057550150208
1-6-14,0.98,100,62,14.790000000000001,408.4405546129324,430.9634049987911,219.6987767484534,246.59908642224494,279.7048335461678,352.8057550150208
1-6-14,0.98,100,63,14.92,318.1174274460936,466.1663151580785,275.77962026055076,246.59908642224494,279.7048335461678,352.8057550150208
1-6-14,0.98,100,64,14.84,301.94385573118876,386.153040340398,222.9815644414034,246.59908642224494,279.7048335461678,352.8057550150208
1-6-14,0.98,100,65,14.9,355.68721593148933,418.391160613246,256.8377149979309,246.59908642224494,279.7048335461678,352.8057550150208
1-6-14,0.98,100,66,14.58,656.1514577964539,683.606277469288,229.9551539888086,246.59908642224494,279.7048335461678,352.8057550150208
1-6-14,0.98,100,67,14.81,478.4957958570484,497.3805751881611,255.83644977395713,246.59908642224494,279.7048335461678,352.8057550150208
1-6-14,0.98,100,68,14.780000000000001,272.6845535415365,498.4941431893602,246.24803137273128,246.59908642224494,279.7048335461678,352.8057550150208
1-6-14,0.98,100,69,14.9,370.7595318090873,382.46997972172596,237.40959779637654,246.59908642224494,279.7048335461678,352.8057550150208
1-6-14,0.98,100,70,14.59,614.3374155882601,761.8610862712193,248.49601717053298,246.59908642224494,279.7048335461678,352.8057550150208
1-6-14,0.98,100,71,14.91,286.70703428815085,440.66099799606206,265.5453911511414,246.59908642224494,279.7048335461678,352.8057550150208
1-6-14,0.98,100,72,14.93,339.7664751135781,344.6711725379143,231.05869571510328,246.59908642224494,279.7048335461678,352.8057550150208
1-6-14,0.98,100,73,14.72,404.5898224898902,633.6913961196676,259.0275214695957,246.59908642224494,279.7048335461678,352.8057550150208
1-6-14,0.98,100,74,14.99,320.11700703364977,352.8044071648252,252.20265599227238,246.59908642224494,279.7048335461678,352.8057550150208
1-6-14,0.98,100,75,14.6,580.2986207916854,653.8129614616844,229.2159927621359,246.59908642224494,279.7048335461678,352.8057550150208
1-6-14,0.98,100,76,14.780000000000001,393.8093847322295,568.2854753483324,258.8974816737844,246.59908642224494,279.7048335461678,352.8057550150208
1-6-14,0.98,100,77,14.58,365.9177302599802,674.0017934920425,237.68550886122316,246.59908642224494,279.7048335461678,352.8057550150208
1-6-14,0.98,100,78,14.99,333.0731472529137,399.99882614096606,270.99175718012594,246.59908642224494,279.7048335461678,352.8057550150208
1-6-14,0.98,100,79,14.46,567.9594399821138,776.4212973059629,220.17276013487614,246.59908642224494,279.7048335461678,352.8057550150208
1-6-14,0.98,100,80,15.23,259.29414310805134,266.7799071346614,237.85034602530425,246.59908642224494,279.7048335461678,352.8057550150208
1-6-14,0.98,100,81,14.41,253.32753415974526,1028.9923836908783,243.00574258891388,246.59908642224494,279.7048335461678,352.8057550150208
1-6-14,0.98,100,82,14.870000000000001,329.6371552384677,434.3568315578321,247.9004682602802,246.59908642224494,279.7048335461678,352.8057550150208
1-6-14,0.98,100,83,14.700000000000001,494.5883508130301,612.4010101985522,244.69291904989643,246.59908642224494,279.7048335461678,352.8057550150208
1-6-14,0.98,100,84,14.44,548.2061960441504,961.8349089301004,238.00099555461858,246.59908642224494,279.7048335461678,352.8057550150208
1-6-14,0.98,100,85,14.68,279.2879502650842,619.4769411835388,247.97399214293824,246.59908642224494,279.7048335461678,352.8057550150208
1-6-14,0.98,100,86,14.5,1012.6017523343944,1053.875372448994,267.2639824574175,246.59908642224494,279.7048335461678,352.8057550150208
1-6-14,0.98,100,87,14.870000000000001,361.4480604423087,396.12863995855344,239.20881551854822,246.59908642224494,279.7048335461678,352.8057550150208
1-6-14,0.98,100,88,14.85,284.6373632940827,431.2532035947711,241.47205873182247,246.59908642224494,279.7048335461678,352.8057550150208
1-6-14,0.98,100,89,14.91,344.5492257742637,385.3877721061156,240.4565583766003,246.59908642224494,279.7048335461678,352.8057550150208
1-6-14,0.98,100,90,14.85,403.9654408291308,469.49357237341593,259.46392053289503,246.59908642224494,279.7048335461678,352.8057550150208
1-6-14,0.98,100,91,14.81,309.1394504919959,435.1717726687485,231.15612461930408,246.59908642224494,279.7048335461678,352.8057550150208
1-6-14,0.98,100,92,14.74,332.27408585840544,499.08403790601966,227.88511609414422,246.59908642224494,279.7048335461678,352.8057550150208
1-6-14,0.98,100,93,14.71,451.62938980663733,541.1451828882097,236.48151175884777,246.59908642224494,279.7048335461678,352.8057550150208
1-6-14,0.98,100,94,14.700000000000001,389.7910594101278,517.0035545730809,224.94028438500098,246.59908642224494,279.7048335461678,352.8057550150208
1-6-14,0.98,100,95,14.94,336.5313087711319,374.3150330293121,242.86490184791617,246.59908642224494,279.7048335461678,352.8057550150208
1-6-14,0.98,100,96,14.98,268.9641030633431,388.2401082301501,260.8452784807148,246.59908642224494,279.7048335461678,352.8057550150208
1-6-14,0.98,100,97,14.450000000000001,582.8311159465027,809.5946088000237,225.63488231699944,246.59908642224494,279.7048335461678,352.8057550150208
1-6-14,0.98,100,98,14.82,339.10060817862313,422.48994988317895,232.6114604565041,246.59908642224494,279.7048335461678,352.8057550150208
1-6-14,0.98,100,99,15.1,262.88806714208175,305.1980520728633,244.17821204748134,246.59908642224494,279.7048335461678,352.8057550150208
1-6-14,0.98,1000,0,15.030000000000001,279.2668890763111,350.3818201417181,260.8936792299417,246.59908642224494,279.7048335461678,352.8057550150208
1-6-14,0.98,1000,1,15.040000000000001,259.22677121081074,308.7545332739232,236.1312256341363,246.59908642224494,279.7048335461678,352.8057550150208
1-6-14,0.98,1000,2,15.01,259.22986136614156,355.35501084342025,254.57319255490333,246.59908642224494,279.7048335461678,352.8057550150208
1-6-14,0.98,1000,3,14.93,246.20921810360576,347.2065342356619,236.51756507914902,246.59908642224494,279.7048335461678,352.8057550150208
1-6-14,0.98,1000,4,15.06,251.0554750293972,310.68457582019124,240.19392969627307,246.59908642224494,279.7048335461678,352.8057550150208
1-6-14,0.98,1000,5,15.17,245.2852675218918,279.22385409041414,240.33005129894016,246.59908642224494,279.7048335461678,352.8057550150208
1-6-14,0.98,1000,6,15.1,248.3955707279293,305.9227794906006,247.58132601818232,246.59908642224494,279.7048335461678,352.8057550150208
1-6-14,0.98,1000,7,15.07,290.4632399255588,374.30373517702077,284.0626687184086,246.59908642224494,279.7048335461678,352.8057550150208
1-6-14,0.98,1000,8,14.96,243.54381018578437,360.30216084506213,242.54984936195254,246.59908642224494,279.7048335461678,352.8057550150208
1-6-14,0.98,1000,9,15.08,276.83494334833284,334.9845467559036,260.3088416445948,246.59908642224494,279.7048335461678,352.8057550150208
1-6-14,0.98,1000,10,14.99,263.396089484096,345.33904627518353,244.8860759539799,246.59908642224494,279.7048335461678,352.8057550150208
1-6-14,0.98,1000,11,15.01,241.63579036357305,336.8869872546803,238.08767777974637,246.59908642224494,279.7048335461678,352.8057550150208
1-6-14,0.98,1000,12,14.98,239.92816034040487,346.5646458658784,238.56030653465388,246.59908642224494,279.7048335461678,352.8057550150208
1-6-14,0.98,1000,13,15.040000000000001,254.21040649078864,334.5595698647234,247.55007915192834,246.59908642224494,279.7048335461678,352.8057550150208
1-6-14,0.98,1000,14,15.14,251.43961381192133,285.96203385979305,239.87960116911933,246.59908642224494,279.7048335461678,352.8057550150208
1-6-14,0.98,1000,15,15.05,243.94001034369444,307.97827060523394,234.0153370959413,246.59908642224494,279.7048335461678,352.8057550150208
1-6-14,0.98,1000,16,15.01,247.72319188516485,333.17374668605805,242.27104986672535,246.59908642224494,279.7048335461678,352.8057550150208
1-6-14,0.98,1000,17,14.97,245.33384454356946,335.193948835415,233.03061413897865,246.59908642224494,279.7048335461678,352.8057550150208
1-6-14,0.98,1000,18,14.9,255.64766844072193,379.02092787984367,238.5163094502623,246.59908642224494,279.7048335461678,352.8057550150208
1-6-14,0.98,1000,19,14.91,300.4426700576331,427.8759643622498,266.3511287217747,246.59908642224494,279.7048335461678,352.8057550150208
1-6-14,0.98,1000,20,15.18,241.57966225798197,282.57987496306947,240.40411974355436,246.59908642224494,279.7048335461678,352.8057550150208
1-6-14,0.98,1000,21,15.05,227.37337029281176,292.80227795161306,222.40527881622197,246.59908642224494,279.7048335461678,352.8057550150208
1-6-14,0.98,1000,22,15.02,263.15576635621426,351.7236808120917,256.21621514622547,246.59908642224494,279.7048335461678,352.8057550150208
1-6-14,0.98,1000,23,15.01,275.7407913343816,330.00946769389157,239.01169036498024,246.59908642224494,279.7048335461678,352.8057550150208
1-6-14,0.98,1000,24,14.92,251.39231676032938,395.1208386394111,245.54236468097665,246.59908642224494,279.7048335461678,352.8057550150208
1-6-14,0.98,1000,25,14.950000000000001,253.51302048553066,354.1576391298318,239.88708221998928,246.59908642224494,279.7048335461678,352.8057550150208
1-6-14,0.98,1000,26,14.96,239.31974180745237,363.88547282291114,236.52765162397552,246.59908642224494,279.7048335461678,352.8057550150208
1-6-14,0.98,1000,27,15.07,256.0852906529198,320.55330265657165,251.4481204738702,246.59908642224494,279.7048335461678,352.8057550150208
1-6-14,0.98,1000,28,15.200000000000001,252.63121976598947,286.75997954064593,246.0192860332917,246.59908642224494,279.7048335461678,352.8057550150208
1-6-14,0.98,1000,29,15.040000000000001,285.0509571595216,338.93138786228167,255.59031462744255,246.59908642224494,279.7048335461678,352.8057550150208
1-6-14,0.98,1000,30,14.98,233.98610349005207,319.91117001179697,223.3532230955821,246.59908642224494,279.7048335461678,352.8057550150208
1-6-14,0.98,1000,31,15.040000000000001,262.6752856291179,329.07819368980444,244.07178214458253,246.59908642224494,279.7048335461678,352.8057550150208
1-6-14,0.98,1000,36,14.99,281.25766385197284,358.48995981059306,250.21332212814394,246.59908642224494,279.7048335461678,352.8057550150208
1-6-14,0.98,1000,37,15.030000000000001,252.43535514873335,327.2292520801892,247.8151746234311,246.59908642224494,279.7048335461678,352.8057550150208
1-6-14,0.98,1000,38,15.21,265.7484473468581,290.8899462260775,254.34552656438368,246.59908642224494,279.7048335461678,352.8057550150208
1-6-14,0.98,1000,39,15.01,307.0271194892433,385.59411764166083,269.24340290657784,246.59908642224494,279.7048335461678,352.8057550150208
1-6-14,0.98,1000,32,14.83,288.64841285844653,450.2157870518283,249.28885909792675,246.59908642224494,279.7048335461678,352.8057550150208
1-6-14,0.98,1000,33,14.94,275.5641553371544,428.2579417085358,268.2375206775162,246.59908642224494,279.7048335461678,352.8057550150208
1-6-14,0.98,1000,34,15.01,264.43229187138365,366.3467125590377,262.3660787576289,246.59908642224494,279.7048335461678,352.8057550150208
1-6-14,0.98,1000,35,14.98,277.01622804805487,408.2286357634659,274.8758711878654,246.59908642224494,279.7048335461678,352.8057550150208
1-6-14,0.98,1000,40,15.040000000000001,275.6579682367895,357.9310309618768,269.174022437344,246.59908642224494,279.7048335461678,352.8057550150208
1-6-14,0.98,1000,41,15.02,245.9143701047084,313.852645649359,235.23918193697833,246.59908642224494,279.7048335461678,352.8057550150208
1-6-14,0.98,1000,42,14.92,350.11665192520087,435.5882293356025,256.23630414499155,246.59908642224494,279.7048335461678,352.8057550150208
1-6-14,0.98,1000,43,14.94,304.61387384166244,448.185205411472,278.43565462268947,246.59908642224494,279.7048335461678,352.8057550150208
1-6-14,0.98,1000,44,14.91,283.98503020844396,413.9897017234099,256.0304417846022,246.59908642224494,279.7048335461678,352.8057550150208
1-6-14,0.98,1000,45,15.02,239.89093717598683,318.9861813435045,239.76160689960662,246.59908642224494,279.7048335461678,352.8057550150208
1-6-14,0.98,1000,46,14.91,240.6783771145106,384.3775471652076,240.05272253806504,246.59908642224494,279.7048335461678,352.8057550150208
1-6-14,0.98,1000,47,15.030000000000001,259.8435010426001,326.8549111147732,241.83565469425494,246.59908642224494,279.7048335461678,352.8057550150208
1-6-14,0.98,1000,48,15.09,280.8996817882423,330.38582671657633,263.2145421529976,246.59908642224494,279.7048335461678,352.8057550150208
1-6-14,0.98,1000,49,15.01,267.62291036002824,323.8179539264151,235.86791334700834,246.59908642224494,279.7048335461678,352.8057550150208
1-6-14,0.98,1000,50,14.93,299.5555293065185,412.80221284222034,259.6985750330296,246.59908642224494,279.7048335461678,352.8057550150208
1-6-14,0.98,1000,51,14.98,264.2105196169461,370.6743913157158,246.73782634005042,246.59908642224494,279.7048335461678,352.8057550150208
1-6-14,0.98,1000,52,15.040000000000001,257.8174973611695,340.6077964099697,250.97765286776652,246.59908642224494,279.7048335461678,352.8057550150208
1-6-14,0.98,1000,53,15.09,249.2063094099404,310.929866268235,246.54447059435037,246.59908642224494,279.7048335461678,352.8057550150208
1-6-14,0.98,1000,54,14.96,240.21466078814973,361.626820191124,238.76499201635215,246.59908642224494,279.7048335461678,352.8057550150208
1-6-14,0.98,1000,55,14.950000000000001,243.35591644264358,348.3916976653681,235.40624887817322,246.59908642224494,279.7048335461678,352.8057550150208
1-6-14,0.98,1000,56,15.030000000000001,251.3725204466663,345.5221991083913,251.03078046409627,246.59908642224494,279.7048335461678,352.8057550150208
1-6-14,0.98,1000,57,14.97,249.13445485747602,344.88531926557954,239.69157497049306,246.59908642224494,279.7048335461678,352.8057550150208
1-6-14,0.98,1000,58,15.05,269.4981019385156,351.61160764288,262.2813397918744,246.59908642224494,279.7048335461678,352.8057550150208
1-6-14,0.98,1000,59,15.06,238.73149488819683,302.8622710763475,236.90653705556934,246.59908642224494,279.7048335461678,352.8057550150208
1-6-14,0.98,1000,60,14.93,290.93529898670226,431.69667775489063,266.0700662809864,246.59908642224494,279.7048335461678,352.8057550150208
1-6-14,0.98,1000,61,14.99,262.7685740995931,355.84276454243746,247.35437647400133,246.59908642224494,279.7048335461678,352.8057550150208
1-6-14,0.98,1000,62,14.98,253.5810977525288,344.23996010201637,242.9566251243726,246.59908642224494,279.7048335461678,352.8057550150208
1-6-14,0.98,1000,63,15.11,245.87287173390914,311.32073145394116,245.07996502583757,246.59908642224494,279.7048335461678,352.8057550150208
1-6-14,0.98,1000,64,14.99,265.42263171212613,340.1963518155725,247.5409336899386,246.59908642224494,279.7048335461678,352.8057550150208
1-6-14,0.98,1000,65,14.99,272.71442145544995,386.1212799002204,266.3534794216373,246.59908642224494,279.7048335461678,352.8057550150208
1-6-14,0.98,1000,66,15.030000000000001,234.82422326914954,294.4807529508341,225.4019132004495,246.59908642224494,279.7048335461678,352.8057550150208
1-6-14,0.98,1000,67,14.92,247.52619467176746,366.71569036990854,238.08610666128246,246.59908642224494,279.7048335461678,352.8057550150208
1-6-14,0.98,1000,76,15.06,243.1209724560299,300.0925188716079,231.12549670418167,246.59908642224494,279.7048335461678,352.8057550150208
1-6-14,0.98,1000,77,14.91,242.4884720997108,359.8482270454152,226.6927150493529,246.59908642224494,279.7048335461678,352.8057550150208
1-6-14,0.98,1000,78,15.0,242.33006449730283,327.40074922107584,233.25732340332183,246.59908642224494,279.7048335461678,352.8057550150208
1-6-14,0.98,1000,79,15.06,257.94552683398797,326.93732954906926,247.49023967288323,246.59908642224494,279.7048335461678,352.8057550150208
1-6-14,0.98,1000,68,15.1,251.92053984681417,290.7220823988459,237.37158964360597,246.59908642224494,279.7048335461678,352.8057550150208
1-6-14,0.98,1000,69,15.02,259.5436975105499,351.0099115304305,250.06871813124235,246.59908642224494,279.7048335461678,352.8057550150208
1-6-14,0.98,1000,70,15.0,262.4238175131365,375.09738140039315,259.2746858134363,246.59908642224494,279.7048335461678,352.8057550150208
1-6-14,0.98,1000,71,14.97,240.0388442484084,334.0763070538567,233.7385920428746,246.59908642224494,279.7048335461678,352.8057550150208
1-6-14,0.98,1000,72,14.98,267.71307644437553,375.11005654941744,255.05143690143333,246.59908642224494,279.7048335461678,352.8057550150208
1-6-14,0.98,1000,73,14.950000000000001,248.66060225110547,366.69571158093265,245.00934997874361,246.59908642224494,279.7048335461678,352.8057550150208
1-6-14,0.98,1000,74,15.06,277.73539393562913,314.53835897184126,246.26781112250526,246.59908642224494,279.7048335461678,352.8057550150208
1-6-14,0.98,1000,75,14.99,293.2030460878995,388.935201571392,257.05177140158105,246.59908642224494,279.7048335461678,352.8057550150208
1-6-14,0.98,1000,80,15.09,244.7657260716689,302.175584046387,242.12408779378708,246.59908642224494,279.7048335461678,352.8057550150208
1-6-14,0.98,1000,81,15.040000000000001,239.13977503392368,311.68661603525504,238.24776739171628,246.59908642224494,279.7048335461678,352.8057550150208
1-6-14,0.98,1000,82,15.040000000000001,260.83303181765706,314.80931132460273,240.52143568102818,246.59908642224494,279.7048335461678,352.8057550150208
1-6-14,0.98,1000,83,15.040000000000001,259.0349492167132,343.69224696084535,250.93741630990644,246.59908642224494,279.7048335461678,352.8057550150208
1-6-14,0.98,1000,84,14.91,257.93936884793385,408.31369569345577,253.8877332499354,246.59908642224494,279.7048335461678,352.8057550150208
1-6-14,0.98,1000,85,14.99,277.20974042204807,357.9753610088761,256.4964994369799,246.59908642224494,279.7048335461678,352.8057550150208
1-6-14,0.98,1000,86,15.06,239.7569355825334,298.66030983180195,234.55841844831716,246.59908642224494,279.7048335461678,352.8057550150208
1-6-14,0.98,1000,87,14.85,280.7247333579727,445.04327599673815,253.95131827074837,246.59908642224494,279.7048335461678,352.8057550150208
1-6-14,0.98,1000,88,15.06,279.70300504152067,362.24951097346906,265.74435425430846,246.59908642224494,279.7048335461678,352.8057550150208
1-6-14,0.98,1000,89,14.96,257.70146458434937,382.7907231469537,254.8757128588984,246.59908642224494,279.7048335461678,352.8057550150208
1-6-14,0.98,1000,90,15.14,241.44207763123825,280.5860203745354,236.6682350647016,246.59908642224494,279.7048335461678,352.8057550150208
1-6-14,0.98,1000,91,15.02,263.11173555745404,348.7065204244657,253.32093632385303,246.59908642224494,279.7048335461678,352.8057550150208
1-6-14,0.98,1000,92,14.98,243.79209503792484,346.7406330146306,240.61299336341267,246.59908642224494,279.7048335461678,352.8057550150208
1-6-14,0.98,1000,93,15.19,249.89222609748515,266.00154600198925,234.10184534457377,246.59908642224494,279.7048335461678,352.8057550150208
1-6-14,0.98,1000,94,15.02,243.54359903935776,320.58776119326217,237.00562422715515,246.59908642224494,279.7048335461678,352.8057550150208
1-6-14,0.98,1000,95,14.97,214.69971810877607,287.46040676329335,212.9882882479197,246.59908642224494,279.7048335461678,352.8057550150208
1-6-14,0.98,1000,96,14.98,262.7985920411298,358.7519679730885,252.79061014066383,246.59908642224494,279.7048335461678,352.8057550150208
1-6-14,0.98,1000,97,15.0,254.72837122444383,329.7773544049198,234.88157911255144,246.59908642224494,279.7048335461678,352.8057550150208
1-6-14,0.98,1000,98,15.08,248.08064255274465,296.4035870576628,234.02267678673724,246.59908642224494,279.7048335461678,352.8057550150208
1-6-14,0.98,1000,99,15.030000000000001,266.7025721264887,360.15323194818035,264.95589905998423,246.59908642224494,279.7048335461678,352.8057550150208
bounded-Pareto,0.98,10,8,27.38,204.70159311978966,204.70159311978966,136.52925013699343,146.8778888249481,1507.9990287893693,401.66554609392097
bounded-Pareto,0.98,10,9,13.39,213.28786620268002,213.28786620268002,125.08775262056888,146.8778888249481,1507.9990287893693,401.66554609392097
bounded-Pareto,0.98,10,10,12.41,223.15727193401582,223.15727193401582,125.75569596156224,146.8778888249481,1507.9990287893693,401.66554609392097
bounded-Pareto,0.98,10,11,42.25,181.6692734003691,181.6692734003691,145.40224404458462,146.8778888249481,1507.9990287893693,401.66554609392097
bounded-Pareto,0.98,10,20,9.99,238.66831640424485,238.66831640424485,127.17469700541197,146.8778888249481,1507.9990287893693,401.66554609392097
bounded-Pareto,0.98,10,21,32.480000000000004,205.99207710967266,205.99207710967266,147.36442808407762,146.8778888249481,1507.9990287893693,401.66554609392097
bounded-Pareto,0.98,10,22,8.27,257.6322647448964,257.6322647448964,131.4160025304195,146.8778888249481,1507.9990287893693,401.66554609392097
bounded-Pareto,0.98,10,23,143.1,197.28855819447378,197.28855819447378,146.6258067101868,146.8778888249481,1507.9990287893693,401.66554609392097
bounded-Pareto,0.98,10,24,34.31,206.5909522257256,206.5909522257256,151.69509674475674,146.8778888249481,1507.9990287893693,401.66554609392097
bounded-Pareto,0.98,10,25,11.22,245.3731646189452,245.3731646189452,131.70920893033068,146.8778888249481,1507.9990287893693,401.66554609392097
bounded-Pareto,0.98,10,26,27.39,197.455227086021,197.455227086021,142.06076795132248,146.8778888249481,1507.9990287893693,401.66554609392097
bounded-Pareto,0.98,10,27,17.72,185.59541206594656,185.59541206594656,117.29127894871843,146.8778888249481,1507.9990287893693,401.66554609392097
bounded-Pareto,0.98,10,4,6.72,365.62701136228446,365.62701136228446,164.91085611667776,146.8778888249481,1507.9990287893693,401.66554609392097
bounded-Pareto,0.98,10,5,19.16,209.05195007213752,209.05195007213752,133.36591498458196,146.8778888249481,1507.9990287893693,401.66554609392097
bounded-Pareto,0.98,10,6,29.44,203.91121361115196,203.91121361115196,146.93863645233293,146.8778888249481,1507.9990287893693,401.66554609392097
bounded-Pareto,0.98,10,7,14.93,210.01169468012398,210.01169468012398,129.7908431825311,146.8778888249481,1507.9990287893693,401.66554609392097
bounded-Pareto,0.98,10,16,58.980000000000004,152.1767916937708,152.1767916937708,125.99513291402498,146.8778888249481,1507.9990287893693,401.66554609392097
bounded-Pareto,0.98,10,17,12.06,284.65461673597207,284.65461673597207,153.68612361639833,146.8778888249481,1507.9990287893693,401.66554609392097
bounded-Pareto,0.98,10,18,30.51,196.66443549630065,196.66443549630065,143.64287969217946,146.8778888249481,1507.9990287893693,401.66554609392097
bounded-Pareto,0.98,10,19,32.68,177.81610001006422,177.81610001006422,128.32128770232055,146.8778888249481,1507.9990287893693,401.66554609392097
bounded-Pareto,0.98,10,44,23.38,192.6403464455332,192.6403464455332,131.39470649144212,146.8778888249481,1507.9990287893693,401.66554609392097
bounded-Pareto,0.98,10,45,26.150000000000002,209.24468554802235,209.24468554802235,142.5159536573645,146.8778888249481,1507.9990287893693,401.66554609392097
bounded-Pareto,0.98,10,46,13.39,253.72259162615677,253.72259162615677,143.1280431613708,146.8778888249481,1507.9990287893693,401.66554609392097
bounded-Pareto,0.98,10,47,24.32,203.64741140102814,203.64741140102814,139.71309433495418,146.8778888249481,1507.9990287893693,401.66554609392097
bounded-Pareto,0.98,10,12,9.02,295.2965968414198,295.2965968414198,148.1274860994324,146.8778888249481,1507.9990287893693,401.66554609392097
bounded-Pareto,0.98,10,13,82.89,181.7545603661052,181.7545603661052,138.49667314552673,146.8778888249481,1507.9990287893693,401.66554609392097
bounded-Pareto,0.98,10,14,33.12,209.48449820317978,209.48449820317978,151.4719268396427,146.8778888249481,1507.9990287893693,401.66554609392097
bounded-Pareto,0.98,10,15,10.88,238.82034956550257,238.82034956550257,131.03873806388145,146.8778888249481,1507.9990287893693,401.66554609392097
bounded-Pareto,0.98,10,28,109.53,137.5034456243537,137.5034456243537,126.61091846664331,146.8778888249481,1507.9990287893693,401.66554609392097
bounded-Pareto,0.98,10,29,8.47,267.8690263823882,267.8690263823882,135.08891629321758,146.8778888249481,1507.9990287893693,401.66554609392097
bounded-Pareto,0.98,10,30,19.35,209.6472186790628,209.6472186790628,136.99659439660286,146.8778888249481,1507.9990287893693,401.66554609392097
bounded-Pareto,0.98,10,31,77.31,184.32873790537215,184.32873790537215,160.57228498766955,146.8778888249481,1507.9990287893693,401.66554609392097
bounded-Pareto,0.98,10,32,21.28,206.57444071115222,206.57444071115222,139.03687871703838,146.8778888249481,1507.9990287893693,401.66554609392097
bounded-Pareto,0.98,10,33,7.5200000000000005,263.77475771322077,263.77475771322077,131.33147309717396,146.8778888249481,1507.9990287893693,401.66554609392097
bounded-Pareto,0.98,10,34,22.67,230.38123818406896,230.38123818406896,150.28548384704467,146.8778888249481,1507.9990287893693,401.66554609392097
bounded-Pareto,0.98,10,35,9.1,337.2245858331534,337.2245858331534,161.33742817983781,146.8778888249481,1507.9990287893693,401.66554609392097
bounded-Pareto,0.98,10,36,35.34,186.9694320082645,186.9694320082645,138.77400240742008,146.8778888249481,1507.9990287893693,401.66554609392097
bounded-Pareto,0.98,10,37,22.7,181.6891067675635,181.6891067675635,124.64787067501057,146.8778888249481,1507.9990287893693,401.66554609392097
bounded-Pareto,0.98,10,38,12.450000000000001,340.54167722373785,340.54167722373785,184.24269065771466,146.8778888249481,1507.9990287893693,401.66554609392097
bounded-Pareto,0.98,10,39,31.13,231.75205267230652,231.75205267230652,161.14319270865286,146.8778888249481,1507.9990287893693,401.66554609392097
bounded-Pareto,0.98,10,40,30.11,241.10487354993086,241.10487354993086,164.68111526087011,146.8778888249481,1507.9990287893693,401.66554609392097
bounded-Pareto,0.98,10,41,68.01,155.75946276589733,155.75946276589733,135.34827921768576,146.8778888249481,1507.9990287893693,401.66554609392097
bounded-Pareto,0.98,10,42,7.26,325.0801376008352,325.0801376008352,155.83107819947094,146.8778888249481,1507.9990287893693,401.66554609392097
bounded-Pareto,0.98,10,43,132.42000000000002,183.04906925078902,183.04906925078902,160.90612560059353,146.8778888249481,1507.9990287893693,401.66554609392097
bounded-Pareto,0.98,10,0,23.84,262.9700149906424,262.9700149906424,174.4634172750586,146.8778888249481,1507.9990287893693,401.66554609392097
bounded-Pareto,0.98,10,1,6.03,260.78342215615737,260.78342215615737,123.08105165460498,146.8778888249481,1507.9990287893693,401.66554609392097
bounded-Pareto,0.98,10,2,10.27,299.97048277851377,299.97048277851377,158.21561183282768,146.8778888249481,1507.9990287893693,401.66554609392097
bounded-Pareto,0.98,10,3,5.23,400.1787800688204,400.1787800688204,183.27996256806856,146.8778888249481,1507.9990287893693,401.66554609392097
bounded-Pareto,0.98,10,48,256.48,207.92223421663826,207.92223421663826,132.71339530567806,146.8778888249481,1507.9990287893693,401.66554609392097
bounded-Pareto,0.98,10,49,21.77,175.24172623656202,175.24172623656202,119.92043681903657,146.8778888249481,1507.9990287893693,401.66554609392097
bounded-Pareto,0.98,10,50,230.93,298.3597796373141,298.3597796373141,134.85633552922818,146.8778888249481,1507.9990287893693,401.66554609392097
bounded-Pareto,0.98,10,51,4.47,362.4063761983775,362.4063761983775,148.19312713422084,146.8778888249481,1507.9990287893693,401.66554609392097
bounded-Pareto,0.98,10,60,76.64,214.80327526235317,214.80327526235317,159.2562724833638,146.8778888249481,1507.9990287893693,401.66554609392097
bounded-Pareto,0.98,10,61,7.37,269.680897294041,269.680897294041,136.95631926763278,146.8778888249481,1507.9990287893693,401.66554609392097
bounded-Pareto,0.98,10,62,19.16,217.9792359092355,217.9792359092355,140.11802393090562,146.8778888249481,1507.9990287893693,401.66554609392097
bounded-Pareto,0.98,10,63,9.0,254.79509668371009,254.79509668371009,130.19267958805167,146.8778888249481,1507.9990287893693,401.66554609392097
bounded-Pareto,0.98,10,52,14.99,316.50265586059595,316.50265586059595,180.55916194424591,146.8778888249481,1507.9990287893693,401.66554609392097
bounded-Pareto,0.98,10,53,23.64,221.30949117165477,221.30949117165477,144.24290212858455,146.8778888249481,1507.9990287893693,401.66554609392097
bounded-Pareto,0.98,10,54,16.71,220.74970987879644,220.74970987879644,138.53024407504017,146.8778888249481,1507.9990287893693,401.66554609392097
bounded-Pareto,0.98,10,55,10.13,205.64128961014768,205.64128961014768,119.36092187437566,146.8778888249481,1507.9990287893693,401.66554609392097
bounded-Pareto,0.98,10,56,35.85,215.5667315329468,215.5667315329468,159.88385562669296,146.8778888249481,1507.9990287893693,401.66554609392097
bounded-Pareto,0.98,10,57,16.56,245.3794943312983,245.3794943312983,145.7594187836239,146.8778888249481,1507.9990287893693,401.66554609392097
bounded-Pareto,0.98,10,58,4.91,293.2725573083791,293.2725573083791,130.87124443656245,146.8778888249481,1507.9990287893693,401.66554609392097
bounded-Pareto,0.98,10,59,13.38,256.8422542624681,256.8422542624681,145.39835131469098,146.8778888249481,1507.9990287893693,401.66554609392097
bounded-Pareto,0.98,10,76,11.790000000000001,196.37653322175072,196.37653322175072,109.49023630578023,146.8778888249481,1507.9990287893693,401.66554609392097
bounded-Pareto,0.98,10,77,31.3,199.91731397962866,199.91731397962866,145.39426879738176,146.8778888249481,1507.9990287893693,401.66554609392097
bounded-Pareto,0.98,10,78,10.05,227.0505759347102,227.0505759347102,121.7873780192093,146.8778888249481,1507.9990287893693,401.66554609392097
bounded-Pareto,0.98,10,79,16.05,315.59398321628703,315.59398321628703,184.78551413466883,146.8778888249481,1507.9990287893693,401.66554609392097
bounded-Pareto,0.98,10,64,5.23,310.08084835908625,310.08084835908625,141.48833827190163,146.8778888249481,1507.9990287893693,401.66554609392097
bounded-Pareto,0.98,10,65,8.870000000000001,316.24860753517925,316.24860753517925,159.59047024323212,146.8778888249481,1507.9990287893693,401.66554609392097
bounded-Pareto,0.98,10,66,24.14,185.56026748017686,185.56026748017686,127.93771972926908,146.8778888249481,1507.9990287893693,401.66554609392097
bounded-Pareto,0.98,10,67,30.42,228.24639557964116,228.24639557964116,157.66622979102038,146.8778888249481,1507.9990287893693,401.66554609392097
bounded-Pareto,0.98,10,84,6.66,280.004132306325,280.004132306325,134.82800823500187,146.8778888249481,1507.9990287893693,401.66554609392097
bounded-Pareto,0.98,10,85,46.75,174.26966392979747,174.26966392979747,139.05017029598577,146.8778888249481,1507.9990287893693,401.66554609392097
bounded-Pareto,0.98,10,86,8.16,294.84095258666,294.84095258666,148.34692144969196,146.8778888249481,1507.9990287893693,401.66554609392097
bounded-Pareto,0.98,10,87,390.63,218.51306933777173,218.51306933777173,125.00202349136626,146.8778888249481,1507.9990287893693,401.66554609392097
bounded-Pareto,0.98,10,92,61.18,179.72076718176785,179.72076718176785,151.43022290280894,146.8778888249481,1507.9990287893693,401.66554609392097
bounded-Pareto,0.98,10,93,35.47,156.0209858116582,156.0209858116582,117.40145933484773,146.8778888249481,1507.9990287893693,401.66554609392097
bounded-Pareto,0.98,10,94,17.14,207.9382064302132,207.9382064302132,130.72261935489053,146.8778888249481,1507.9990287893693,401.66554609392097
bounded-Pareto,0.98,10,95,67.01,160.17245325416428,160.17245325416428,133.6505274948969,146.8778888249481,1507.9990287893693,401.66554609392097
bounded-Pareto,0.98,10,72,16.96,295.27809180270737,295.27809180270737,173.86939722795734,146.8778888249481,1507.9990287893693,401.66554609392097
bounded-Pareto,0.98,10,73,42.17,159.29429992639535,159.29429992639535,123.68648741175976,146.8778888249481,1507.9990287893693,401.66554609392097
bounded-Pareto,0.98,10,74,284.91,535.8383146960075,535.8383146960075,144.27891428487357,146.8778888249481,1507.9990287893693,401.66554609392097
bounded-Pareto,0.98,10,75,11.0,262.2904438331798,262.2904438331798,138.6067578566743,146.8778888249481,1507.9990287893693,401.66554609392097
bounded-Pareto,0.98,10,68,78.8,218.20054617282898,218.20054617282898,180.27575320649098,146.8778888249481,1507.9990287893693,401.66554609392097
bounded-Pareto,0.98,10,69,18.57,235.84791996583195,235.84791996583195,144.70205834195028,146.8778888249481,1507.9990287893693,401.66554609392097
bounded-Pareto,0.98,10,70,33.85,170.35953911206235,170.35953911206235,124.32668304499975,146.8778888249481,1507.9990287893693,401.66554609392097
bounded-Pareto,0.98,10,71,234.55,238.4387419312642,238.4387419312642,152.47010215198645,146.8778888249481,1507.9990287893693,401.66554609392097
bounded-Pareto,0.98,10,88,26.21,227.528527394541,227.528527394541,162.02394172403555,146.8778888249481,1507.9990287893693,401.66554609392097
bounded-Pareto,0.98,10,89,5.46,303.0650610374102,303.0650610374102,137.8601934385094,146.8778888249481,1507.9990287893693,401.66554609392097
bounded-Pareto,0.98,10,90,23.14,237.23024536825008,237.23024536825008,155.2564799666356,146.8778888249481,1507.9990287893693,401.66554609392097
bounded-Pareto,0.98,10,91,8.620000000000001,266.7594886050394,266.7594886050394,132.64429526730598,146.8778888249481,1507.9990287893693,401.66554609392097
bounded-Pareto,0.98,10,80,11.58,279.5783177479195,279.5783177479195,150.56774235918647,146.8778888249481,1507.9990287893693,401.66554609392097
bounded-Pareto,0.98,10,81,7.03,291.8010888504928,291.8010888504928,141.17816812295254,146.8778888249481,1507.9990287893693,401.66554609392097
bounded-Pareto,0.98,10,82,15.540000000000001,237.66943040437346,237.66943040437346,144.3435082143784,146.8778888249481,1507.9990287893693,401.66554609392097
bounded-Pareto,0.98,10,83,15.23,265.70876738815565,265.70876738815565,157.93007562545588,146.8778888249481,1507.9990287893693,401.66554609392097
bounded-Pareto,0.98,100,4,50.730000000000004,180.32651319681224,214.58936474136993,176.92400849873036,146.8778888249481,1507.9990287893693,401.66554609392097
bounded-Pareto,0.98,100,5,49.120000000000005,166.35369720663044,167.30915427250596,135.54435572680111,146.8778888249481,1507.9990287893693,401.66554609392097
bounded-Pareto,0.98,100,6,106.05,170.51043244959837,166.5269713405736,154.16396490600184,146.8778888249481,1507.9990287893693,401.66554609392097
bounded-Pareto,0.98,100,7,97.82000000000001,127.34345613000286,127.45211086957961,118.38152404085122,146.8778888249481,1507.9990287893693,401.66554609392097
bounded-Pareto,0.98,100,0,64.34,133.43035079674976,145.30259425128688,127.30616730538577,146.8778888249481,1507.9990287893693,401.66554609392097
bounded-Pareto,0.98,100,1,108.25,174.50138183288288,173.90145937606803,166.75686346622692,146.8778888249481,1507.9990287893693,401.66554609392097
bounded-Pareto,0.98,100,2,57.99,165.70143456108894,168.11115535834165,148.98255881244881,146.8778888249481,1507.9990287893693,401.66554609392097
bounded-Pareto,0.98,100,3,167.52,171.68365757248768,145.96108612176883,137.9198006813191,146.8778888249481,1507.9990287893693,401.66554609392097
bounded-Pareto,0.98,100,16,101.02,148.64795805799824,154.30319183269881,146.16618597579898,146.8778888249481,1507.9990287893693,401.66554609392097
bounded-Pareto,0.98,100,17,33.05,149.21619773550813,185.4024539674797,132.9478306965332,146.8778888249481,1507.9990287893693,401.66554609392097
bounded-Pareto,0.98,100,18,48.17,155.9835273101496,171.55220886782485,141.39571256067535,146.8778888249481,1507.9990287893693,401.66554609392097
bounded-Pareto,0.98,100,19,64.18,179.70171383363086,185.14028069328847,155.81060031342466,146.8778888249481,1507.9990287893693,401.66554609392097
bounded-Pareto,0.98,100,12,347.93,165.98778769798602,199.09657590664855,144.6296643525556,146.8778888249481,1507.9990287893693,401.66554609392097
bounded-Pareto,0.98,100,13,86.05,164.66054469185764,169.7844212686508,149.16301557284777,146.8778888249481,1507.9990287893693,401.66554609392097
bounded-Pareto,0.98,100,14,55.17,150.77221039146752,160.30331039233764,134.76860788401174,146.8778888249481,1507.9990287893693,401.66554609392097
bounded-Pareto,0.98,100,15,42.42,155.47584703137912,159.3932826997036,125.82036158556454,146.8778888249481,1507.9990287893693,401.66554609392097
bounded-Pareto,0.98,10,96,46.74,183.64950479571803,183.64950479571803,146.6578379117954,146.8778888249481,1507.9990287893693,401.66554609392097
bounded-Pareto,0.98,10,97,39.25,251.21826665190972,251.21826665190972,185.39240825269624,146.8778888249481,1507.9990287893693,401.66554609392097
bounded-Pareto,0.98,10,98,6.91,316.63594549287905,316.63594549287905,148.28327345124043,146.8778888249481,1507.9990287893693,401.66554609392097
bounded-Pareto,0.98,10,99,9.66,347.88666649351336,347.88666649351336,178.04800283501865,146.8778888249481,1507.9990287893693,401.66554609392097
bounded-Pareto,0.98,100,20,111.34,163.07233649548792,150.82204840096088,140.11693456599363,146.8778888249481,1507.9990287893693,401.66554609392097
bounded-Pareto,0.98,100,21,51.980000000000004,170.33587144497088,171.54189743078064,140.8528022882313,146.8778888249481,1507.9990287893693,401.66554609392097
bounded-Pareto,0.98,100,22,19.73,229.33321001691485,233.4864146390791,142.60959105855167,146.8778888249481,1507.9990287893693,401.66554609392097
bounded-Pareto,0.98,100,23,53.910000000000004,178.13920045266278,207.07418522194644,167.42199581663562,146.8778888249481,1507.9990287893693,401.66554609392097
bounded-Pareto,0.98,100,8,43.480000000000004,156.90605327870696,181.0311415593702,143.7291104834974,146.8778888249481,1507.9990287893693,401.66554609392097
bounded-Pareto,0.98,100,9,24.21,215.2814091272868,235.89755008512978,160.7952001360949,146.8778888249481,1507.9990287893693,401.66554609392097
bounded-Pareto,0.98,100,10,193.39000000000001,173.38652421896825,147.73864819447274,130.79996687096576,146.8778888249481,1507.9990287893693,401.66554609392097
bounded-Pareto,0.98,100,11,65.39,192.51454343403262,203.4961911459163,168.40506858005142,146.8778888249481,1507.9990287893693,401.66554609392097
bounded-Pareto,0.98,100,32,74.64,143.06615557439198,155.87754917849193,137.42888505816117,146.8778888249481,1507.9990287893693,401.66554609392097
bounded-Pareto,0.98,100,33,137.83,134.1771170693914,128.27703397720725,120.82848462052937,146.8778888249481,1507.9990287893693,401.66554609392097
bounded-Pareto,0.98,100,34,43.15,129.14055218810296,155.35065770564003,122.38486055022815,146.8778888249481,1507.9990287893693,401.66554609392097
bounded-Pareto,0.98,100,35,102.93,188.28935655761867,188.3881587307178,170.3715733300359,146.8778888249481,1507.9990287893693,401.66554609392097
bounded-Pareto,0.98,100,24,47.730000000000004,198.68330058940768,213.32411554634442,169.18286365755785,146.8778888249481,1507.9990287893693,401.66554609392097
bounded-Pareto,0.98,100,25,129.07,159.9786240453676,149.91192066018434,134.0390788288951,146.8778888249481,1507.9990287893693,401.66554609392097
bounded-Pareto,0.98,100,26,199.25,166.06438167826198,144.1019795759044,135.60790568247677,146.8778888249481,1507.9990287893693,401.66554609392097
bounded-Pareto,0.98,100,27,28.09,184.20946118347072,219.61136358556274,149.62788344507888,146.8778888249481,1507.9990287893693,401.66554609392097
bounded-Pareto,0.98,100,40,90.11,169.50555425829234,163.22662840695315,148.7633000771154,146.8778888249481,1507.9990287893693,401.66554609392097
bounded-Pareto,0.98,100,41,106.63,144.99010365290985,146.78736373395859,138.43303259883496,146.8778888249481,1507.9990287893693,401.66554609392097
bounded-Pareto,0.98,100,42,67.21000000000001,140.4445187382816,154.06630897220484,131.19941784985528,146.8778888249481,1507.9990287893693,401.66554609392097
bounded-Pareto,0.98,100,43,77.07000000000001,147.15723824395752,138.23975717860966,125.61073734672483,146.8778888249481,1507.9990287893693,401.66554609392097
bounded-Pareto,0.98,100,28,42.28,181.9318423534399,210.76341107881726,163.3349972754756,146.8778888249481,1507.9990287893693,401.66554609392097
bounded-Pareto,0.98,100,29,190.6,217.75047037544775,195.2443674514152,185.4810951958085,146.8778888249481,1507.9990287893693,401.66554609392097
bounded-Pareto,0.98,100,30,56.97,153.6571851256008,154.85905572861728,131.0478541482081,146.8778888249481,1507.9990287893693,401.66554609392097
bounded-Pareto,0.98,100,31,143.25,164.30789052225418,154.29739290535386,147.78911825794256,146.8778888249481,1507.9990287893693,401.66554609392097
bounded-Pareto,0.98,100,36,45.71,170.38359999529033,171.91420272731648,138.83160683661802,146.8778888249481,1507.9990287893693,401.66554609392097
bounded-Pareto,0.98,100,37,80.21000000000001,192.87464997097763,208.06917823894346,182.27921548640933,146.8778888249481,1507.9990287893693,401.66554609392097
bounded-Pareto,0.98,100,38,51.85,191.9068087030924,164.94514669623476,137.86593433725892,146.8778888249481,1507.9990287893693,401.66554609392097
bounded-Pareto,0.98,100,39,204.86,257.96317363318923,169.24361678117162,142.88945441022602,146.8778888249481,1507.9990287893693,401.66554609392097
bounded-Pareto,0.98,100,48,62.02,160.57971719378918,184.02041559275656,152.54081543250683,146.8778888249481,1507.9990287893693,401.66554609392097
bounded-Pareto,0.98,100,49,40.11,194.0411034031208,188.33155563973563,145.58550164534395,146.8778888249481,1507.9990287893693,401.66554609392097
bounded-Pareto,0.98,100,50,36.65,160.95341468424132,199.94012089922498,148.05109033226998,146.8778888249481,1507.9990287893693,401.66554609392097
bounded-Pareto,0.98,100,51,71.87,157.83111974478751,162.52515014966804,143.39224311993127,146.8778888249481,1507.9990287893693,401.66554609392097
bounded-Pareto,0.98,100,56,38.08,124.38167796855153,151.75516658847624,117.10551079579069,146.8778888249481,1507.9990287893693,401.66554609392097
bounded-Pareto,0.98,100,57,41.44,199.6560353445845,201.2281010713965,153.51840742998743,146.8778888249481,1507.9990287893693,401.66554609392097
bounded-Pareto,0.98,100,58,36.52,169.83296334063775,208.15817643147946,150.69560848504184,146.8778888249481,1507.9990287893693,401.66554609392097
bounded-Pareto,0.98,100,59,85.37,141.98041350447744,143.52095689842798,125.70556700187488,146.8778888249481,1507.9990287893693,401.66554609392097
bounded-Pareto,0.98,100,44,46.44,215.8505603102892,188.89064091137666,151.96043265181407,146.8778888249481,1507.9990287893693,401.66554609392097
bounded-Pareto,0.98,100,45,87.62,142.66585125615998,146.51865719905584,133.40390750928094,146.8778888249481,1507.9990287893693,401.66554609392097
bounded-Pareto,0.98,100,46,69.28,178.5584007154062,180.04743705026817,157.3431905636716,146.8778888249481,1507.9990287893693,401.66554609392097
bounded-Pareto,0.98,100,47,30.86,175.16027946279135,183.99437926150026,137.18796926512542,146.8778888249481,1507.9990287893693,401.66554609392097
bounded-Pareto,0.98,100,60,162.12,166.61851594274557,161.5925343827398,133.54752560477397,146.8778888249481,1507.9990287893693,401.66554609392097
bounded-Pareto,0.98,100,61,154.93,197.24868565323246,192.26418334997285,157.81492652339165,146.8778888249481,1507.9990287893693,401.66554609392097
bounded-Pareto,0.98,100,62,51.480000000000004,153.6620218397481,154.3643169389341,129.20614384523864,146.8778888249481,1507.9990287893693,401.66554609392097
bounded-Pareto,0.98,100,63,77.74,167.45220428533446,185.73117529606384,158.24297440820857,146.8778888249481,1507.9990287893693,401.66554609392097
bounded-Pareto,0.98,100,72,79.27,153.72316962032593,155.19533537055577,141.84011797132007,146.8778888249481,1507.9990287893693,401.66554609392097
bounded-Pareto,0.98,100,73,40.83,137.15658393862282,158.31411493786499,127.74356992373696,146.8778888249481,1507.9990287893693,401.66554609392097
bounded-Pareto,0.98,100,74,97.41,153.7053273146161,152.803043413698,141.9235823503584,146.8778888249481,1507.9990287893693,401.66554609392097
bounded-Pareto,0.98,100,75,29.41,150.5829225451355,158.95854242926487,113.31130253692233,146.8778888249481,1507.9990287893693,401.66554609392097
bounded-Pareto,0.98,100,76,49.76,178.25861631451048,202.76039288816736,157.17984510091858,146.8778888249481,1507.9990287893693,401.66554609392097
bounded-Pareto,0.98,100,77,27.990000000000002,160.53609962833553,202.82573277795944,142.2480285405475,146.8778888249481,1507.9990287893693,401.66554609392097
bounded-Pareto,0.98,100,78,98.97,142.4559448411123,151.64051149217562,136.68920796127205,146.8778888249481,1507.9990287893693,401.66554609392097
bounded-Pareto,0.98,100,79,20.66,167.6741163635868,186.473288536148,119.30537793505658,146.8778888249481,1507.9990287893693,401.66554609392097
bounded-Pareto,0.98,100,52,51.550000000000004,193.43154577884556,206.1131581196951,168.8090109422418,146.8778888249481,1507.9990287893693,401.66554609392097
bounded-Pareto,0.98,100,53,92.87,151.66393050158558,145.42174025897663,131.96077614968019,146.8778888249481,1507.9990287893693,401.66554609392097
bounded-Pareto,0.98,100,54,95.64,155.9238567923642,163.40905971316616,149.0112602190939,146.8778888249481,1507.9990287893693,401.66554609392097
bounded-Pareto,0.98,100,55,88.63,156.17364835135905,159.2847408699826,145.22290479587616,146.8778888249481,1507.9990287893693,401.66554609392097
bounded-Pareto,0.98,100,64,59.11,160.06846475178705,181.59334235257126,151.5576298504761,146.8778888249481,1507.9990287893693,401.66554609392097
bounded-Pareto,0.98,100,65,72.74,145.2921270893568,152.37851134312928,136.98287228608305,146.8778888249481,1507.9990287893693,401.66554609392097
bounded-Pareto,0.98,100,66,28.1,157.67509450788248,160.24357632838357,115.77619218538943,146.8778888249481,1507.9990287893693,401.66554609392097
bounded-Pareto,0.98,100,67,54.160000000000004,192.97608553463002,198.22011421497737,157.23625800060717,146.8778888249481,1507.9990287893693,401.66554609392097
bounded-Pareto,0.98,100,68,50.09,178.1412392714903,194.73313472855045,154.78015568713366,146.8778888249481,1507.9990287893693,401.66554609392097
bounded-Pareto,0.98,100,69,72.87,138.46160524618543,139.11582618953292,128.3973716755326,146.8778888249481,1507.9990287893693,401.66554609392097
bounded-Pareto,0.98,100,70,28.64,161.64847541795422,173.4417162842094,128.30835450001413,146.8778888249481,1507.9990287893693,401.66554609392097
bounded-Pareto,0.98,100,71,75.49,158.19523416100026,154.56332125340276,135.4047693272211,146.8778888249481,1507.9990287893693,401.66554609392097
bounded-Pareto,0.98,100,80,216.05,143.03833024611706,145.4831908357963,131.541198274578,146.8778888249481,1507.9990287893693,401.66554609392097
bounded-Pareto,0.98,100,81,18.13,311.37212819594026,238.38703136838643,145.27748658522017,146.8778888249481,1507.9990287893693,401.66554609392097
bounded-Pareto,0.98,100,82,66.53,157.7047508956511,178.82506544990613,149.54476326278126,146.8778888249481,1507.9990287893693,401.66554609392097
bounded-Pareto,0.98,100,83,38.71,171.52723385194489,179.9908674064074,137.562896510991,146.8778888249481,1507.9990287893693,401.66554609392097
bounded-Pareto,0.98,100,88,62.660000000000004,148.3017687675733,164.72067229815622,141.45846561569954,146.8778888249481,1507.9990287893693,401.66554609392097
bounded-Pareto,0.98,100,89,75.58,155.79137926942718,157.8421924044777,141.78526699785007,146.8778888249481,1507.9990287893693,401.66554609392097
bounded-Pareto,0.98,100,90,61.95,172.9324820153032,182.9106717335525,156.54739793633294,146.8778888249481,1507.9990287893693,401.66554609392097
bounded-Pareto,0.98,100,91,53.61,135.14201313449806,153.90601977011667,127.93790844504403,146.8778888249481,1507.9990287893693,401.66554609392097
bounded-Pareto,0.98,100,84,19.51,182.6428095664781,230.94026270644952,145.01623831679345,146.8778888249481,1507.9990287893693,401.66554609392097
bounded-Pareto,0.98,100,85,36.65,219.1528830657143,259.6128998313684,192.61968487906069,146.8778888249481,1507.9990287893693,401.66554609392097
bounded-Pareto,0.98,100,86,22.77,292.90780271999927,296.74345982762884,188.53767680982742,146.8778888249481,1507.9990287893693,401.66554609392097
bounded-Pareto,0.98,100,87,66.57000000000001,145.10299520184103,150.29778880338665,130.78632916975437,146.8778888249481,1507.9990287893693,401.66554609392097
bounded-Pareto,0.98,100,92,43.87,150.58436575150154,175.94083251959066,140.01240590295814,146.8778888249481,1507.9990287893693,401.66554609392097
bounded-Pareto,0.98,100,93,39.85,145.03374186147894,154.46876570706226,122.5726544955,146.8778888249481,1507.9990287893693,401.66554609392097
bounded-Pareto,0.98,100,94,38.79,154.75653591209698,174.24684801925875,134.68163988307515,146.8778888249481,1507.9990287893693,401.66554609392097
bounded-Pareto,0.98,100,95,83.95,141.7817055576937,149.41133615567716,131.79967014800195,146.8778888249481,1507.9990287893693,401.66554609392097
bounded-Pareto,0.98,100,96,93.98,154.31704857923262,143.91293039312427,133.03745105610136,146.8778888249481,1507.9990287893693,401.66554609392097
bounded-Pareto,0.98,100,97,19.95,182.79476134159736,203.68857531516446,130.81585051042026,146.8778888249481,1507.9990287893693,401.66554609392097
bounded-Pareto,0.98,100,98,56.550000000000004,151.57499706941863,167.98375531824885,141.0121064136914,146.8778888249481,1507.9990287893693,401.66554609392097
bounded-Pareto,0.98,100,99,141.13,154.91496093859163,145.0195090051347,128.5750013144671,146.8778888249481,1507.9990287893693,401.66554609392097
bounded-Pareto,0.98,1000,4,123.54,154.32958240926337,146.2572398995132,137.7221704070558,146.8778888249481,1507.9990287893693,401.66554609392097
bounded-Pareto,0.98,1000,5,181.21,142.0430756282745,130.41914714698814,124.35002301001063,146.8778888249481,1507.9990287893693,401.66554609392097
bounded-Pareto,0.98,1000,6,141.08,133.68472862721404,124.31013312178035,123.88358726216823,146.8778888249481,1507.9990287893693,401.66554609392097
bounded-Pareto,0.98,1000,7,128.71,157.85505849004463,153.58758686732597,143.65294679576488,146.8778888249481,1507.9990287893693,401.66554609392097
bounded-Pareto,0.98,1000,0,112.93,177.32680455462227,145.69191331131964,137.19520011150328,146.8778888249481,1507.9990287893693,401.66554609392097
bounded-Pareto,0.98,1000,1,117.53,140.26055373564645,136.53544675103115,131.39247252805256,146.8778888249481,1507.9990287893693,401.66554609392097
bounded-Pareto,0.98,1000,2,104.54,156.38814587469102,148.0784077807897,141.48687655143854,146.8778888249481,1507.9990287893693,401.66554609392097
bounded-Pareto,0.98,1000,3,80.48,159.00990546372103,157.5356272682882,142.33283891900464,146.8778888249481,1507.9990287893693,401.66554609392097
bounded-Pareto,0.98,1000,20,186.53,145.15161746733736,135.695667996161,131.72637285805922,146.8778888249481,1507.9990287893693,401.66554609392097
bounded-Pareto,0.98,1000,21,119.75,161.04289714216105,147.9760306427254,141.8269013344343,146.8778888249481,1507.9990287893693,401.66554609392097
bounded-Pareto,0.98,1000,22,109.11,132.91043458811947,131.66112965161355,123.51700344817827,146.8778888249481,1507.9990287893693,401.66554609392097
bounded-Pareto,0.98,1000,23,104.55,147.72249562059818,148.9438034155113,142.07840026782944,146.8778888249481,1507.9990287893693,401.66554609392097
bounded-Pareto,0.98,1000,16,105.98,135.72855042492233,129.82941262287372,121.9166772073331,146.8778888249481,1507.9990287893693,401.66554609392097
bounded-Pareto,0.98,1000,17,91.22,172.54320556378042,164.86261986890486,156.6382610142247,146.8778888249481,1507.9990287893693,401.66554609392097
bounded-Pareto,0.98,1000,18,72.28,130.82087301092403,135.58693480950407,122.33054825580695,146.8778888249481,1507.9990287893693,401.66554609392097
bounded-Pareto,0.98,1000,19,76.22,153.94372189016744,168.54357737870066,147.10738417095968,146.8778888249481,1507.9990287893693,401.66554609392097
bounded-Pareto,0.98,1000,8,90.21000000000001,174.11275782341949,178.02353631927286,162.39938043775567,146.8778888249481,1507.9990287893693,401.66554609392097
bounded-Pareto,0.98,1000,9,135.43,186.7178910516152,179.10375186315176,168.6180687440723,146.8778888249481,1507.9990287893693,401.66554609392097
bounded-Pareto,0.98,1000,10,97.71000000000001,144.51158707096755,139.64547416903108,134.06465001562432,146.8778888249481,1507.9990287893693,401.66554609392097
bounded-Pareto,0.98,1000,11,103.98,131.29497209951825,131.2630013841233,121.06690069865802,146.8778888249481,1507.9990287893693,401.66554609392097
bounded-Pareto,0.98,1000,28,196.95000000000002,160.99366109765205,143.20216606186048,134.3259631670613,146.8778888249481,1507.9990287893693,401.66554609392097
bounded-Pareto,0.98,1000,29,114.8,138.149298912051,138.245268587099,131.00422653009542,146.8778888249481,1507.9990287893693,401.66554609392097
bounded-Pareto,0.98,1000,30,96.17,164.93234972962324,161.03265379616715,149.20396865048824,146.8778888249481,1507.9990287893693,401.66554609392097
bounded-Pareto,0.98,1000,31,115.76,172.5509670852539,168.68081776065964,157.60217943836403,146.8778888249481,1507.9990287893693,401.66554609392097
bounded-Pareto,0.98,1000,12,95.42,224.32858256645326,223.18550051845415,209.0439771915198,146.8778888249481,1507.9990287893693,401.66554609392097
bounded-Pareto,0.98,1000,13,117.98,140.8682834013515,138.44281318546422,130.33842960521284,146.8778888249481,1507.9990287893693,401.66554609392097
bounded-Pareto,0.98,1000,14,163.37,181.0405370428635,156.19662731412308,150.5999406464647,146.8778888249481,1507.9990287893693,401.66554609392097
bounded-Pareto,0.98,1000,15,121.59,147.09857541786147,142.28741014513128,136.16137824970176,146.8778888249481,1507.9990287893693,401.66554609392097
bounded-Pareto,0.98,1000,24,76.99,172.78301561715296,169.38990090944807,149.4847402170039,146.8778888249481,1507.9990287893693,401.66554609392097
bounded-Pareto,0.98,1000,25,87.51,162.55383839692757,158.55418905313047,141.77726874465472,146.8778888249481,1507.9990287893693,401.66554609392097
bounded-Pareto,0.98,1000,26,89.63,155.25064420829088,161.54767599482784,143.46968531157142,146.8778888249481,1507.9990287893693,401.66554609392097
bounded-Pareto,0.98,1000,27,128.31,187.37402489310531,169.02808446342732,163.50888597757753,146.8778888249481,1507.9990287893693,401.66554609392097
bounded-Pareto,0.98,1000,32,57.620000000000005,142.6447486043487,164.07173358906581,140.02185952869476,146.8778888249481,1507.9990287893693,401.66554609392097
bounded-Pareto,0.98,1000,33,82.32000000000001,135.0464470668087,138.46786844094714,124.83831250034488,146.8778888249481,1507.9990287893693,401.66554609392097
bounded-Pareto,0.98,1000,34,105.27,153.82551588971765,152.773953431582,143.51546930231234,146.8778888249481,1507.9990287893693,401.66554609392097
bounded-Pareto,0.98,1000,35,95.29,165.2770679354863,169.58227071427567,156.15475655434108,146.8778888249481,1507.9990287893693,401.66554609392097
bounded-Pareto,0.98,1000,36,99.27,165.00751131716027,167.73322489632372,158.66155821659714,146.8778888249481,1507.9990287893693,401.66554609392097
bounded-Pareto,0.98,1000,37,113.58,160.0796680604362,152.6494012267255,143.08817077700175,146.8778888249481,1507.9990287893693,401.66554609392097
bounded-Pareto,0.98,1000,38,200.78,197.47351970227047,162.2043534817885,152.42080180204735,146.8778888249481,1507.9990287893693,401.66554609392097
bounded-Pareto,0.98,1000,39,106.08,131.760155900595,134.1305412686229,126.26332812882734,146.8778888249481,1507.9990287893693,401.66554609392097
bounded-Pareto,0.98,1000,44,75.82000000000001,127.85065027332605,133.79992423511743,121.18408967542078,146.8778888249481,1507.9990287893693,401.66554609392097
bounded-Pareto,0.98,1000,45,108.99000000000001,164.5680232335651,165.74774079328765,153.33959778900487,146.8778888249481,1507.9990287893693,401.66554609392097
bounded-Pareto,0.98,1000,46,75.14,143.28748897534143,152.1388662318555,139.22033309710815,146.8778888249481,1507.9990287893693,401.66554609392097
bounded-Pareto,0.98,1000,47,111.14,162.6212840674456,139.1117969427411,136.17560814562057,146.8778888249481,1507.9990287893693,401.66554609392097
bounded-Pareto,0.98,1000,40,116.24000000000001,173.12068018111304,161.02509006167173,154.34753640027992,146.8778888249481,1507.9990287893693,401.66554609392097
bounded-Pareto,0.98,1000,41,109.99000000000001,149.26745370906343,142.76913760531522,134.08172347073915,146.8778888249481,1507.9990287893693,401.66554609392097
bounded-Pareto,0.98,1000,42,78.72,160.15319464021667,169.72881552540048,150.73641212468308,146.8778888249481,1507.9990287893693,401.66554609392097
bounded-Pareto,0.98,1000,43,83.56,161.83199668028527,156.20231291461613,142.80309524615646,146.8778888249481,1507.9990287893693,401.66554609392097
bounded-Pareto,0.98,1000,60,81.15,152.95430752315883,150.3527766326879,136.13962569084316,146.8778888249481,1507.9990287893693,401.66554609392097
bounded-Pareto,0.98,1000,61,97.14,137.5431374668488,138.58377715075295,130.80455796232863,146.8778888249481,1507.9990287893693,401.66554609392097
bounded-Pareto,0.98,1000,62,93.74,148.11481653808255,142.09068191423594,129.82850891288547,146.8778888249481,1507.9990287893693,401.66554609392097
bounded-Pareto,0.98,1000,63,146.93,140.47050838263755,142.63741632291956,137.09585786010507,146.8778888249481,1507.9990287893693,401.66554609392097
bounded-Pareto,0.98,1000,56,114.11,144.2506731873604,151.09917253856975,141.27572780798184,146.8778888249481,1507.9990287893693,401.66554609392097
bounded-Pareto,0.98,1000,57,93.24,178.82315860022302,175.62777396982972,158.80910817434093,146.8778888249481,1507.9990287893693,401.66554609392097
bounded-Pareto,0.98,1000,58,120.71000000000001,158.51417521066767,152.5450206248841,140.21136842093847,146.8778888249481,1507.9990287893693,401.66554609392097
bounded-Pareto,0.98,1000,59,124.99000000000001,141.447593861246,135.0196090112472,129.05209329453993,146.8778888249481,1507.9990287893693,401.66554609392097
bounded-Pareto,0.98,1000,48,136.88,196.0843286008022,177.34126567823242,170.19975844940572,146.8778888249481,1507.9990287893693,401.66554609392097
bounded-Pareto,0.98,1000,49,104.08,161.17571137607996,159.83471257068416,149.06846009297712,146.8778888249481,1507.9990287893693,401.66554609392097
bounded-Pareto,0.98,1000,50,81.35000000000001,154.09260801796782,159.95462864991705,144.66340899019735,146.8778888249481,1507.9990287893693,401.66554609392097
bounded-Pareto,0.98,1000,51,96.04,159.1028205392557,158.6666192039049,144.67015335169197,146.8778888249481,1507.9990287893693,401.66554609392097
bounded-Pareto,0.98,1000,64,99.93,122.05041592468687,122.62255875449823,115.53767246652039,146.8778888249481,1507.9990287893693,401.66554609392097
bounded-Pareto,0.98,1000,65,99.58,192.96281176433897,178.5348532999492,170.976391062025,146.8778888249481,1507.9990287893693,401.66554609392097
bounded-Pareto,0.98,1000,66,112.59,132.1797429267753,131.4360720830623,120.74539800872836,146.8778888249481,1507.9990287893693,401.66554609392097
bounded-Pareto,0.98,1000,67,76.77,124.27761712860409,129.40028683428525,115.580510721896,146.8778888249481,1507.9990287893693,401.66554609392097
bounded-Pareto,0.98,1000,52,117.7,202.7797177919267,193.31709052126178,175.1172361217071,146.8778888249481,1507.9990287893693,401.66554609392097
bounded-Pareto,0.98,1000,53,139.5,148.38265556828392,141.40395039057483,137.19074611647127,146.8778888249481,1507.9990287893693,401.66554609392097
bounded-Pareto,0.98,1000,54,89.31,161.71536123962136,158.07404422586507,147.03208585263545,146.8778888249481,1507.9990287893693,401.66554609392097
bounded-Pareto,0.98,1000,55,87.23,173.22228282831063,157.56667248459442,146.56579821831122,146.8778888249481,1507.9990287893693,401.66554609392097
bounded-Pareto,0.98,1000,76,124.25,126.22579683058247,124.84650660783714,117.58674980119225,146.8778888249481,1507.9990287893693,401.66554609392097
bounded-Pareto,0.98,1000,77,75.28,143.65347757180388,146.84046586517027,130.16409824813684,146.8778888249481,1507.9990287893693,401.66554609392097
bounded-Pareto,0.98,1000,78,101.17,158.51167697848123,154.53531359594524,143.32129702560908,146.8778888249481,1507.9990287893693,401.66554609392097
bounded-Pareto,0.98,1000,79,124.26,151.3708465030498,139.87872827400767,136.4759710847968,146.8778888249481,1507.9990287893693,401.66554609392097
bounded-Pareto,0.98,1000,68,142.25,152.82880695062096,137.75679824317837,131.7112438157647,146.8778888249481,1507.9990287893693,401.66554609392097
bounded-Pareto,0.98,1000,69,107.34,199.14503856359426,188.12581264758302,170.79813701492262,146.8778888249481,1507.9990287893693,401.66554609392097
bounded-Pareto,0.98,1000,70,101.97,154.79694872623395,151.98285372295587,144.00101783740752,146.8778888249481,1507.9990287893693,401.66554609392097
bounded-Pareto,0.98,1000,71,90.74,140.66297345605165,135.83714762637973,123.03753184746765,146.8778888249481,1507.9990287893693,401.66554609392097
bounded-Pareto,0.98,1000,72,96.57000000000001,177.15822350213182,176.58928578325705,163.6549192863635,146.8778888249481,1507.9990287893693,401.66554609392097
bounded-Pareto,0.98,1000,73,85.18,146.29439190517292,145.22532180185107,130.25428714117237,146.8778888249481,1507.9990287893693,401.66554609392097
bounded-Pareto,0.98,1000,74,124.25,154.88603965944932,150.8153399535852,141.5934802915782,146.8778888249481,1507.9990287893693,401.66554609392097
bounded-Pareto,0.98,1000,75,98.46000000000001,160.16794688781485,153.96789684395213,143.38253873679463,146.8778888249481,1507.9990287893693,401.66554609392097
bounded-Pareto,0.98,1000,80,138.23,128.81001402927163,132.63282110800893,120.87001998669611,146.8778888249481,1507.9990287893693,401.66554609392097
bounded-Pareto,0.98,1000,81,118.49000000000001,145.8706294062409,150.85243169499088,140.64216136237252,146.8778888249481,1507.9990287893693,401.66554609392097
bounded-Pareto,0.98,1000,82,116.97,150.16292649889616,143.14520665558717,136.73384809147214,146.8778888249481,1507.9990287893693,401.66554609392097
bounded-Pareto,0.98,1000,83,117.66,186.21917391220794,169.26319583933528,162.21782154160834,146.8778888249481,1507.9990287893693,401.66554609392097
bounded-Pareto,0.98,1000,84,74.49,167.62251514567257,174.87845565310516,153.3284745132368,146.8778888249481,1507.9990287893693,401.66554609392097
bounded-Pareto,0.98,1000,85,100.13,140.158236957228,141.65453925990846,131.87593889069382,146.8778888249481,1507.9990287893693,401.66554609392097
bounded-Pareto,0.98,1000,86,125.88000000000001,150.14238762737344,134.33318386189737,130.32371294539766,146.8778888249481,1507.9990287893693,401.66554609392097
bounded-Pareto,0.98,1000,87,61.230000000000004,147.8034334435305,158.30705884685608,132.433427176869,146.8778888249481,1507.9990287893693,401.66554609392097
bounded-Pareto,0.98,1000,88,125.85000000000001,154.61714114485906,144.42351012317317,140.49943497602283,146.8778888249481,1507.9990287893693,401.66554609392097
bounded-Pareto,0.98,1000,89,88.34,145.03790799722427,148.56610273035716,133.79338488889755,146.8778888249481,1507.9990287893693,401.66554609392097
bounded-Pareto,0.98,1000,90,162.87,152.60152484351028,127.31050653286408,126.69364733195431,146.8778888249481,1507.9990287893693,401.66554609392097
bounded-Pareto,0.98,1000,91,109.09,156.1451836128554,146.37393123992487,137.56850481351904,146.8778888249481,1507.9990287893693,401.66554609392097
bounded-Pareto,0.98,1000,92,95.22,157.85229959818105,158.8540401008752,146.80536982624767,146.8778888249481,1507.9990287893693,401.66554609392097
bounded-Pareto,0.98,1000,93,190.55,140.18482722052605,138.2356922419768,130.16643189275499,146.8778888249481,1507.9990287893693,401.66554609392097
bounded-Pareto,0.98,1000,94,109.91,141.5931340740921,135.13885493069233,126.23241075099754,146.8778888249481,1507.9990287893693,401.66554609392097
bounded-Pareto,0.98,1000,95,92.3,141.85870001197677,141.35773109873324,129.27998695612933,146.8778888249481,1507.9990287893693,401.66554609392097
bounded-Pareto,0.98,1000,96,95.02,154.5168604286034,149.34767908949215,139.13642339299855,146.8778888249481,1507.9990287893693,401.66554609392097
bounded-Pareto,0.98,1000,97,101.45,131.3929739831029,129.66478906934006,122.84893765108603,146.8778888249481,1507.9990287893693,401.66554609392097
bounded-Pareto,0.98,1000,98,135.23,184.28521743333786,153.81141913864533,146.46924710845553,146.8778888249481,1507.9990287893693,401.66554609392097
bounded-Pareto,0.98,1000,99,112.2,184.7979016313766,177.52077818042522,172.31492183423413,146.8778888249481,1507.9990287893693,401.66554609392097
