gen,best,pop_mean,sigma,seed,val,val_ratio
1,28.548330851278795,40.82406868838028,0.9381420095024547,0,27.472557902203427,1.0173493495226873
2,26.604647169068375,35.504167668957045,0.9023592114638895,0,,
3,27.868119436611554,32.16144232754319,0.9075929887255103,0,,
4,27.043478667986673,30.398030612768306,0.8957986977824802,0,,
5,27.797259305306202,31.65414384020098,0.8750940884446385,0,27.354497108798967,1.0129773841672325
6,24.85218063940023,25.790620014437895,0.8771325650206266,0,,
7,26.54398215191236,29.689062048102507,0.8896103803846913,0,,
8,27.37980035997647,27.50132485033802,0.9057057904109673,0,,
9,27.593461381818045,28.671566423907407,0.9219559082229479,0,,
10,27.923326253856537,30.459157937019754,0.9379992653247579,0,27.25961087942161,1.0094636071072534
11,25.877073798170176,26.945681184643334,0.9616162731453051,0,,
12,27.077726595848254,27.569655491000205,0.982269547723712,0,,
13,26.966361727370423,27.037177718583578,0.9800878459022188,0,,
14,26.66553487821229,26.75176884514413,0.9730386608073678,0,,
15,27.0409234145971,27.93621358298227,0.9519207779990586,0,27.26346688064251,1.0096064005212415
16,27.57685067614125,28.106739815631066,0.9330709086566731,0,,
17,26.706753971872484,26.760425374333188,0.9374750292448312,0,,
18,27.311281257843362,27.559323567786777,0.946972536902968,0,,
19,27.458224102827902,27.82946702100471,0.943442309569048,0,,
20,27.412217301990385,28.48074016322387,0.9608602312311035,0,27.25562316094759,1.0093159360090591
21,27.112216907291607,28.599239911525473,0.9783175808726862,0,,
22,28.097374810462828,28.62231377480319,0.9887448195921138,0,,
23,27.77130017594144,27.79291637618994,1.001849327306451,0,,
24,26.811854540642038,27.793234775738306,1.0200037759641367,0,,
25,25.497769607477803,25.80591465382453,1.0350232989343937,0,27.248309582805824,1.0090451034207104
26,29.46445630576065,30.27493443030964,1.0474345753635963,0,,
27,26.582598529689992,26.916289049589224,1.0349457557339174,0,,
28,24.897179227546683,25.22107476189531,1.0546210921598684,0,,
29,28.576295499364043,29.554910654793037,1.081500281494271,0,,
30,27.52633932767292,28.59413323689174,1.126811768398264,0,27.2281852615737,1.0082998701159718
31,27.625045298257277,29.169354580887486,1.1816564747134197,0,,
32,27.09610381186505,27.80318339895876,1.2350536027572798,0,,
33,26.03506452823286,26.420233853730295,1.2985923007974494,0,,
34,27.713236502925856,28.676090821266886,1.365011917479199,0,,
35,25.52870824703459,25.890436110504748,1.406268047494121,0,27.22308389939702,1.0081109591485038
36,25.132335664961865,25.24850999277931,1.457272633820252,0,,
37,28.024836219743335,28.848255120036605,1.5505963088084023,0,,
38,27.795215428214718,28.49454593887836,1.6536978406714489,0,,
39,27.719581698737514,28.974376581417225,1.7092472307049682,0,,
40,27.942284840520202,29.325870098683858,1.8088664649203363,0,27.220449560092707,1.0080134056776109
41,26.74976082223093,27.309924364712497,1.90805746395009,0,,
42,26.92214178437446,27.021216775109743,2.0306578514582645,0,,
43,25.630872427516973,25.957663255029487,2.1443053280268183,0,,
44,28.074641436106848,28.493083901805893,2.2670584020513105,0,,
45,26.875737681790003,27.719686871077705,2.336543495086756,0,27.209662143638234,1.0076139317315715
46,25.882738840000457,26.830941132238767,2.355562844372045,0,,
47,26.767432172800802,27.96607302540395,2.4098443407987,0,,
48,27.03807429631682,28.254436352430684,2.4675668131925446,0,,
49,26.321895132812312,26.92115300131318,2.5320783567255924,0,,
50,26.921020002917462,28.42612587286231,2.5580770826166033,0,27.210590860242934,1.007648323477584
51,27.385223209476454,27.771953805870087,2.526352268184694,0,,
52,26.725938241381186,27.337163410153842,2.4657766165380495,0,,
53,27.210823360822694,28.476972724430034,2.434467735060475,0,,
54,27.964422792096396,28.585375489409614,2.419732982913396,0,,
55,29.88248161889027,31.03628330103858,2.4017780935144533,0,27.206338245939722,1.0074908428960325
56,27.56697237714273,28.722682314798554,2.4084292954411204,0,,
57,26.04698518087539,28.400643751538695,2.4993797799040105,0,,
58,27.178793146138727,28.125100842883086,2.581473042872215,0,,
59,26.172911118767736,27.283248443312658,2.6267520898525767,0,,
60,26.40230204127515,27.683536093962765,2.6564929692116785,0,27.203802921513258,1.0073969560921436
61,26.982660437492566,27.463537902167687,2.6703171350458854,0,,
62,26.64728255163721,28.25095704156538,2.7214003799901447,0,,
63,29.111262336699856,30.28707961821165,2.81313168344318,0,,
64,26.171993627036688,27.416405272914773,2.9015581186533534,0,,
65,26.30528043441418,26.773584193057566,2.9135302866941393,0,27.2044350077536,1.0074203631781433
66,27.741746941870776,29.345192354734532,2.952660919232198,0,,
67,27.146369444612372,28.65966859205756,3.039796366233372,0,,
68,27.242099299450093,28.10172016538128,3.097933356906546,0,,
69,24.998775894196203,26.0646327392989,3.1645370439087452,0,,
70,27.815141201076013,27.98263414695046,3.272177198062463,0,27.203407048853244,1.0073822963435102
71,25.068510826493863,25.53145437119339,3.4034914758381647,0,,
72,27.22482215491654,28.16391244508845,3.469022824746918,0,,
73,27.167432814598868,27.897768415811555,3.4734037893137155,0,,
74,25.785648535780474,26.10222705984865,3.44077074633498,0,,
75,27.493328387552804,28.243291503136426,3.4296159107937765,0,27.200172739533063,1.007262525097791
76,26.810570054609205,27.77107246742851,3.439652438735226,0,,
77,25.67160432055296,25.811068559326447,3.46744955801849,0,,
78,27.935550424692163,28.86100753415657,3.4713713680707112,0,,
79,28.33095385902723,28.953025750125526,3.4594603524966665,0,,
80,27.341243441688924,28.941693862232313,3.4458002570347035,0,27.1959942405773,1.0071077891168982
81,26.489464178009484,27.806401160024826,3.559923588442066,0,,
82,26.756523623347835,26.90122836883179,3.7187189139486554,0,,
83,27.18780162653047,28.577983276832242,3.7838496058662976,0,,
84,27.318205134518657,28.70365929092913,3.821917504729817,0,,
85,28.791936663725462,29.752104744399514,3.8811797804547727,0,27.19424093773364,1.007042861725941
86,25.197421527794184,25.329412034489494,3.9465674642046693,0,,
87,29.177609983945743,30.72012118193295,4.057115138884954,0,,
88,24.503747068055315,25.78966744591975,4.08923508376533,0,,
89,25.158136578489582,25.927798780259707,4.091906366582994,0,,
90,27.34737652091635,29.189932454799145,4.030191817002894,0,27.19245488649004,1.00697672161342
91,27.037925343068878,27.526360648469858,4.012498155549312,0,,
92,25.402300559000118,27.80960349272955,3.9673190934691913,0,,
93,27.158693566944372,27.818575321505335,3.9663624207037733,0,,
94,26.884208996834666,27.336143835739545,3.9073232208751043,0,,
95,25.090275406696804,26.124222971516602,3.858906848538925,0,27.19168232431111,1.0069481124961694
96,26.554555283429817,27.30475819606253,3.8652960598420827,0,,
97,29.03448448819863,29.41330707692497,3.8426036566666752,0,,
98,26.749961610517325,27.49455694946157,3.79163220602312,0,,
99,27.615050506636035,28.214181288477224,3.802201808571638,0,,
100,28.43940658359252,29.433529267509407,3.9032160191082843,0,27.18819178250448,1.0068188525834558
101,28.509532984406135,30.953827473264393,3.9838415253930433,0,,
102,27.135639727580642,28.224695875634374,4.060790966158716,0,,
103,26.771731929725167,28.059186716573393,4.138476640080375,0,,
104,27.015436922005634,27.802073094212297,4.1148468176648665,0,,
105,26.370191991019748,26.379501255122285,3.9983965160914248,0,27.19140927102648,1.0069380009302027
106,27.627015747640062,28.83029421450733,3.9038368781147694,0,,
107,28.366770853515376,30.52391368518492,3.8450491934278,0,,
108,27.635948468327697,28.3062209684552,3.7548321768031556,0,,
109,27.32581569415302,28.19497477024259,3.638204762472456,0,,
110,27.683896987611696,29.320623020753402,3.5910801787970494,0,27.189656272083923,1.0068730847931515
111,28.298897761670066,29.729023461280576,3.5023766306439787,0,,
112,27.343070733229535,27.853122751682655,3.4455344307418816,0,,
113,26.77297850357621,27.52435204967003,3.410018602239966,0,,
114,25.792742729080743,26.681340725779844,3.336938474373307,0,,
115,27.912373349526078,28.403897395495306,3.2316377964152485,0,27.188908265437316,1.0068453850034897
116,26.839463535778158,28.132528530213946,3.1575200163502433,0,,
117,27.233671663078272,28.179338462604928,3.0631643301482323,0,,
118,27.802655172196715,29.195254649295922,3.0102464269385187,0,,
119,26.731057753828566,28.603357956931113,3.004836158885373,0,,
120,25.646163942587545,27.529122752597836,2.9553058751938375,0,27.189709498738992,1.0068750558547144
121,25.957935379706758,26.30113142432471,2.947442742801587,0,,
122,26.955052875898996,28.210418998276786,2.9731569302278436,0,,
123,28.55488871039256,29.582365067380998,2.956040055972096,0,,
124,26.87917367112001,27.516284780711345,2.917724577921187,0,,
125,26.70446383991554,26.86153705256269,2.8337314340871873,0,27.18783988365213,1.0068058212497952
126,26.770667444727344,27.614413500817285,2.773063177466037,0,,
127,27.304122937757597,28.338112337862118,2.731304948892883,0,,
128,26.948473958922918,27.972864563157493,2.677306245480781,0,,
129,25.665569087504345,26.13320173994676,2.6119783830850807,0,,
130,28.231349312525694,29.33792281865938,2.6099309181332915,0,27.18771521435722,1.0068012045618795
131,25.551351735132922,26.700904899678406,2.608017068257723,0,,
132,26.000403734823546,27.777972576311157,2.561835651219774,0,,
133,26.39979572852764,27.22702861075771,2.4729334969325847,0,,
134,26.635277068291824,28.51460555209545,2.4165851742017916,0,,
135,27.260520049881976,27.755826984205186,2.3471756465163707,0,27.188133215185193,1.006816683749218
136,26.880909825319314,28.562962685926877,2.272753577455791,0,,
137,27.781433558714866,28.837965001477777,2.177446712606356,0,,
138,27.69494097550387,28.345157872333694,2.0812961756583888,0,,
139,28.353482686819156,28.355245112501215,2.0138643993307803,0,,
140,26.41043541101542,27.485502952977676,1.9654722709352492,0,27.187997983026246,1.0068116759028636
141,25.68811339454422,26.826375253046898,1.9131370109849246,0,,
142,28.23652860229991,28.787774094804984,1.858840814739478,0,,
143,27.0809628164455,27.85930861591615,1.7788502386738758,0,,
144,28.598743282542465,29.29658569206182,1.703701065512741,0,,
145,26.043514652339425,26.331923654544852,1.6542940096848067,0,27.18506126942737,1.0067029250657487
146,27.332433871557797,27.950531441862594,1.571345376708585,0,,
147,27.2492287495985,27.40542397572538,1.5193632184087975,0,,
148,27.70352564948242,29.188792901364543,1.4721579422627913,0,,
149,26.10016068110678,26.715288918629028,1.4269447234576564,0,,
150,27.671926052638554,27.820649105523106,1.4153852419509196,0,27.18742769941214,1.0067905574592908
1,29.317308581177777,37.13123973035671,0.9382126666652335,1,28.90869988615418,1.070531805935941
2,27.143373530109045,37.733799883913676,0.8923410159562769,1,,
3,25.68768112977459,33.93812554631778,0.8745945767302389,1,,
4,25.95685179236627,28.923463053812135,0.8668724277344279,1,,
5,26.040491038556006,31.83473156281663,0.8588301055874762,1,27.410107076274922,1.0150367033045344
6,27.784917457450405,28.940521307414194,0.8754262342466891,1,,
7,27.990154889150347,29.348954788911115,0.895958206883065,1,,
8,26.490167091660577,28.255382870573953,0.9387702125563101,1,,
9,27.402576280863048,31.048090780599587,0.970311196430779,1,,
10,26.541716438979805,30.261555312947678,1.0002665953052003,1,27.305735894522037,1.011171684464891
11,27.65271919338697,29.64263105608332,1.0334190496027784,1,,
12,27.154422088728246,29.27544859192443,1.0795570052614525,1,,
13,26.72507179074534,28.4398936465536,1.1460251648219417,1,,
14,26.345422069493914,27.37831576067964,1.2297666341873568,1,,
15,27.72341048213573,29.33662831215784,1.310929789212616,1,27.268259282327307,1.009783870225884
16,25.53691113064932,26.637602370291024,1.352191454720704,1,,
17,27.152915762792592,28.445915760645068,1.364947586012829,1,,
18,26.495645077480635,27.438036778660404,1.3705487628221504,1,,
19,27.06342781248693,27.547732943646338,1.3546358234488736,1,,
20,25.851420314115728,26.006986917807115,1.3400926177900172,1,27.234620586212447,1.0085381796814117
21,27.98297734257507,28.8656994432389,1.3575798961776138,1,,
22,26.966781576706566,27.50896485902939,1.4049603881726864,1,,
23,26.845211556747635,28.123368135596436,1.444134651884409,1,,
24,27.790102893349836,28.87733767333563,1.5169562491103548,1,,
25,27.037310775603157,28.475343683754105,1.5667932523850523,1,27.22715753342597,1.0082618118264488
26,27.594423228368967,28.005491706980685,1.6216532145907328,1,,
27,27.509191407601737,28.445660169453706,1.6953842851462173,1,,
28,27.057009443560737,27.274925345178076,1.7709273084770896,1,,
29,27.21188745753985,28.025624174630654,1.8746288545413627,1,,
30,28.156599183487735,28.94480567453838,1.9767133145039708,1,27.20834980431296,1.0075653338702557
31,26.131838607870684,27.4989748196984,2.0444395482447972,1,,
32,29.158295946747888,30.400623805105738,2.0530084068873,1,,
33,25.93094479723019,26.51726666413708,2.054102544365508,1,,
34,26.871716054704656,28.01657322578003,2.033958039760573,1,,
35,28.37033739792011,29.755750446835734,2.0536769360493223,1,27.216630884923028,1.0078719945023669
36,27.387752437607467,28.316319714203765,2.0703428156326313,1,,
37,27.424778308212783,27.708019257579014,2.049883902402753,1,,
38,26.241904662263835,27.336973797297794,1.994081409390071,1,,
39,27.843101711049634,29.31779233806433,1.9666595056948417,1,,
40,26.55322525087121,26.648831024171827,1.8838345795453673,1,27.217791373152533,1.0079149690935796
41,27.009891461863262,27.357968580646784,1.80106228812216,1,,
42,26.7623256220107,27.422637080880456,1.7108348667153797,1,,
43,24.816765068033938,24.90073947352836,1.642315908843392,1,,
44,26.155424306451337,27.21276234033487,1.5948317024324412,1,,
45,27.548716396629338,28.383368292698737,1.5663705873436509,1,27.20384659995014,1.0073985735691002
46,27.653857615901487,28.4751376959504,1.5610571268432432,1,,
47,25.57107515423611,26.405964677769113,1.5392501935977783,1,,
48,26.83896285490705,27.747758380983413,1.5518376216591387,1,,
49,27.342354833377033,27.757775980099368,1.541750598364626,1,,
50,26.95341251177159,28.608771406175727,1.5046999389532845,1,27.195291090060046,1.0070817504158829
51,24.784356749592725,25.75493963917455,1.479584623730175,1,,
52,26.60468094225878,28.124737829685444,1.471297903994172,1,,
53,26.38155973456631,28.00952963229487,1.4748354074697232,1,,
54,27.240218181229576,28.53452448592734,1.469762811174817,1,,
55,26.733341726663696,28.092965118301088,1.4392293096749187,1,27.191763905218,1.0069511335575083
56,27.46086884476037,29.66937855204025,1.4401432604165194,1,,
57,26.913660311295548,28.710910803942475,1.4373128390686694,1,,
58,25.784222843396556,26.649057418509802,1.429857704552029,1,,
59,26.667516651117456,28.13820633589754,1.3927096593905457,1,,
60,27.056479666452447,27.968775420690115,1.35688979995035,1,27.19376934493178,1.007025397948745
61,27.303554728748534,29.0952751532764,1.3001730999510506,1,,
62,26.311548491272514,27.77050146718698,1.2627886968483588,1,,
63,26.57862944347874,27.739785643320136,1.2572853587770174,1,,
64,27.893852261006437,30.435838827776784,1.2398798095814467,1,,
65,27.42496366467916,27.595577040657922,1.201208067698324,1,27.19193545547496,1.0069574863166126
66,27.99764024326485,29.346304231332248,1.1798679056924413,1,,
67,27.236360053332305,27.940287358981756,1.150638237254898,1,,
68,26.356221043188246,26.673570507611352,1.1446001005725193,1,,
69,26.913802585823078,28.10013671405158,1.1479942657413884,1,,
70,27.45010298800597,29.13378039986908,1.1539808065424169,1,27.192852158863026,1.0069914331954897
71,27.228113267486993,27.555664894390166,1.1553176656205926,1,,
72,27.919493460315977,28.263803810502345,1.1674701295890961,1,,
73,28.072361197956255,30.293928554333583,1.1488047392976595,1,,
74,26.789341385512262,28.067512824015616,1.1339994349053337,1,,
75,26.520044288114818,28.338879580953495,1.0987277111559925,1,27.192436197429878,1.0069760295299501
76,28.20411805763478,29.412840406960626,1.0583851743318737,1,,
77,26.248231611167284,27.02957032036306,1.0083739675220371,1,,
78,25.194893352699367,25.758676285057597,0.973632350397793,1,,
79,25.378205082082385,26.315635077318646,0.9344677647920281,1,,
80,25.234596495218092,26.118050004650456,0.9098099897881001,1,27.190497687660606,1.006904243653301
81,26.535518281200474,27.776663919017032,0.9083741965741202,1,,
82,27.957484512273357,29.187501497482117,0.9262427618310163,1,,
83,26.07973961028059,27.459081900609604,0.9163916057074981,1,,
84,26.688126176134467,28.118722565154783,0.903454210466148,1,,
85,26.71157662097606,27.328248947134846,0.9029236303563405,1,27.190922282876826,1.0069199670405649
86,28.045798211907993,29.0317925788718,0.9003628381132982,1,,
87,27.442235141975686,28.468255983994325,0.8920790202056822,1,,
88,26.47099578264273,26.945390782319826,0.8740163931414981,1,,
89,26.446560042596044,27.525129803072282,0.8743013786192817,1,,
90,24.810556772537772,25.218230551901428,0.8808050929234497,1,27.19124081766353,1.0069317628536525
91,27.67108302982537,28.346173472768378,0.8859288596181629,1,,
92,27.315673175337665,28.995760852041172,0.8835856940045768,1,,
93,27.0456532691031,27.343476532033968,0.8916755231703327,1,,
94,25.959676302583667,26.984677720187236,0.9221558443642287,1,,
95,27.215144982156918,27.653050026118464,0.9650011196307009,1,27.191273586873848,1.0069329763458552
96,27.582097459121414,28.377219534525015,0.9906409355727973,1,,
97,27.322506251664244,28.104240920937837,1.0006713822710374,1,,
98,26.303016696763546,26.608682298277078,0.9958288372875084,1,,
99,28.172892582340012,28.84421543360276,0.9842676230238617,1,,
100,25.160728483103824,25.8526548663455,0.9982905045367759,1,27.188233936285414,1.0068204136001535
101,26.0460835599389,26.79319031400328,1.0390472227617582,1,,
102,25.9498658682607,26.471990446372025,1.0497312593574095,1,,
103,28.389012238546158,30.085731480197754,1.0484341467960745,1,,
104,28.754613671418376,30.08458610976779,1.0682046889405907,1,,
105,27.324926760066617,27.903006047065467,1.0942280923347658,1,27.188792008674483,1.0068410798440477
106,26.843148539697474,27.309474149326732,1.0841604898557136,1,,
107,25.97788708995307,26.589391196929103,1.0842375751909332,1,,
108,26.26910690824038,26.890707962697483,1.1055819485603822,1,,
109,27.00087922089977,28.02687282193454,1.1272012558212352,1,,
110,26.590645430550556,27.323588764772794,1.145502983205537,1,27.18984579071336,1.0068801029475973
111,26.54257245114399,26.727172587282368,1.1585241187917907,1,,
112,26.80989775208059,27.063626516616303,1.1949726455631366,1,,
113,28.744756402478085,29.739782580129244,1.229141759839913,1,,
114,27.817376971004244,29.64231438181554,1.2634093654528895,1,,
115,28.607604328898326,28.819123293762846,1.2800344274111448,1,27.187986853343755,1.0068112637543012
116,26.607143327326863,26.902914934008137,1.2906685017484136,1,,
117,27.25390371692827,27.782647648338,1.2925301304254837,1,,
118,26.745223178240273,27.18658158136541,1.3110065357819052,1,,
119,26.32245702852456,27.254091327535335,1.3375917159930606,1,,
120,26.81021485489766,27.150234247343242,1.3674745017243743,1,27.18709087923044,1.0067780845110499
121,27.681646511775313,28.555132168970744,1.4020860374878616,1,,
122,27.835927680820078,30.8039373420387,1.398359954303859,1,,
123,27.08322215975297,29.10685257632327,1.4226797161675113,1,,
124,27.861848750872014,28.650534064066186,1.4329039466971842,1,,
125,26.547461555765974,27.96932618789687,1.4291363041933376,1,27.18723261842285,1.0067833333224534
126,25.261227981596544,27.104561345606996,1.4542678319952123,1,,
127,25.204078675744668,26.484256394490735,1.486295016775429,1,,
128,26.369617420594622,27.72718843153175,1.4685124240019705,1,,
129,25.527703701301277,26.67949231627562,1.4435006386660363,1,,
130,24.896514464958702,25.938274865802406,1.4025450596569602,1,27.18646514316049,1.006754912581228
131,28.299109550225978,28.653578901339642,1.3563673800876095,1,,
132,28.008261094259684,29.432974308819354,1.3417957074859872,1,,
133,28.354419822466312,29.058396086273454,1.3127353011484404,1,,
134,28.100904752628146,29.998543589626717,1.2932390549108688,1,,
135,26.62890028587081,26.949547788378204,1.2908836821247276,1,27.186886694440368,1.0067705232470388
136,26.605898286812245,26.91591080144766,1.3042982452264749,1,,
137,25.277845689125208,25.83387637361728,1.3456097352374317,1,,
138,26.140121011076637,26.57116241860686,1.3671016323266567,1,,
139,27.23309262099606,27.719186138273876,1.3733258162215358,1,,
140,26.094739757190045,27.292532951105894,1.3761519237789075,1,27.18630954517991,1.0067491505584527
141,27.642694274579192,28.20055710395176,1.3800304223836757,1,,
142,26.02769106305662,27.19054774586813,1.39663697803565,1,,
143,26.173114982696934,26.869041245394143,1.4142804150273547,1,,
144,26.74446975665458,27.70939949063707,1.4034744856539791,1,,
145,25.87639596173569,26.71287140608952,1.4115477930495304,1,27.18739232388254,1.00678924745124
146,26.86490342562768,27.873652149600147,1.4417990371852973,1,,
147,25.037341107525734,25.40038208795736,1.4765519600274228,1,,
148,25.99798673781568,26.74921781595422,1.4647475337414204,1,,
149,28.63283258633772,30.186511653162846,1.4521304635550683,1,,
150,27.660577466067778,28.77170112344194,1.428330222654454,1,27.1864983822304,1.0067561434730248
1,26.586794593145232,33.88400174961315,0.9388854628418943,2,27.467855309112977,1.0171752055627885
2,29.455115143522843,40.29623384524196,0.9098245259616698,2,,
3,26.215929086011073,30.721701817886913,0.8956066599191729,2,,
4,26.821172751313707,29.634884091319243,0.8886949682776405,2,,
5,27.507678858497854,28.756740910220373,0.9046244974591913,2,27.37030876623279,1.0135629131690254
6,26.959899168544254,28.227475515363988,0.9148717186676899,2,,
7,27.71672338001646,27.866524569831082,0.9300505223079615,2,,
8,27.782771720826013,28.72633066490407,0.9381628377890245,2,,
9,25.91191926469559,26.004844575514717,0.9496251662208052,2,,
10,27.95741022099601,28.057507320200667,0.9808747035604903,2,27.272006780897833,1.0099226456266541
11,27.415271991019125,27.502365337863207,0.9931157809797372,2,,
12,26.81375591189139,27.222572581928997,0.9888107608938808,2,,
13,26.70117524961612,26.788707455677233,0.9917112656367955,2,,
14,28.751795649516964,29.200386823766376,0.9976980856744844,2,,
15,29.079505192571,29.17456773209026,1.0270924496591802,2,27.259503900159388,1.0094596455073461
16,26.554543586798957,27.255064021988186,1.0443899118252202,2,,
17,27.381073607184504,27.763188727892746,1.0538896901767147,2,,
18,26.562091851452173,27.54236460159712,1.0680032043435448,2,,
19,27.726098248871125,28.232585982307356,1.0963687561595985,2,,
20,26.757270284750508,27.2584232933065,1.1009819643154009,2,27.248930301201455,1.0090680895386497
21,27.78318132221277,29.252145461507826,1.0675619401172012,2,,
22,27.214864264409066,28.85000727500725,1.0411784340149135,2,,
23,27.32350476565185,27.66867136643293,1.0126247169341245,2,,
24,27.134160800479215,27.914416824107064,1.0134603258036856,2,,
25,26.72136623841941,27.359465585901464,1.0304298800086016,2,27.23686636300906,1.008621344109396
26,27.48358877685106,28.307320600082193,1.065599302707807,2,,
27,25.706959010881242,26.386320605188097,1.1253411905117385,2,,
28,25.631334217655475,26.791597749174993,1.156758108034872,2,,
29,27.769764676702742,29.724492454142457,1.178509585311075,2,,
30,26.47750874672166,28.132987865419594,1.199079100824232,2,27.22754512230503,1.0082761648144523
31,26.272297381138703,27.048149837955087,1.2119990603510218,2,,
32,26.069856803689156,27.697647923342426,1.2299416331820778,2,,
33,29.20928144860379,30.669104010774866,1.2350550415476005,2,,
34,26.793628515349518,27.28853900269232,1.2399498647649345,2,,
35,26.24462880729782,27.986371835351267,1.259017782420752,2,27.2106192426211,1.0076493745189201
36,26.570210228382464,27.77970051528424,1.2758199768624214,2,,
37,27.14322391013283,29.626141717576665,1.2799955781294867,2,,
38,26.509399820206752,27.966512579730473,1.27838678474618,2,,
39,27.04788156105183,29.407303795159592,1.2498178338104904,2,,
40,26.6070430375429,27.612928053314356,1.2213327784446273,2,27.20375044152926,1.0073950126809121
41,27.81322566705366,28.430850019699207,1.201512277034957,2,,
42,26.487750388567395,27.6357108792872,1.184582063723759,2,,
43,28.2066237728921,29.68542498883357,1.2157532975715424,2,,
44,27.450863703430244,27.791694132957986,1.2421541697283107,2,,
45,27.51472405763905,28.635843915184473,1.265563991249681,2,27.204183423904265,1.0074110466570396
46,26.519736984942732,27.43392126637155,1.3318994881608637,2,,
47,26.41102725498666,26.89630978753977,1.3877091730758728,2,,
48,28.254652013838896,29.435091895862243,1.4159281458672213,2,,
49,26.382695191093944,27.966843954635358,1.4474621602230766,2,,
50,28.712355528265068,30.429190054279417,1.450218025329024,2,27.199686624179876,1.007244523529094
51,28.18007475432364,29.36864214050841,1.4059324412817882,2,,
52,28.636316326263504,29.408910587662476,1.3863987519751282,2,,
53,29.499626797891462,29.98809081654509,1.3878102453372598,2,,
54,27.331730805711317,29.442223118766343,1.3934929367596314,2,,
55,27.29223018303642,28.58399200712722,1.4007740047756863,2,27.194728547121642,1.0070609186209514
56,26.34758952637298,28.124702688932338,1.4214634622529128,2,,
57,26.646043483104997,27.884076428501153,1.4477822391108848,2,,
58,28.170498429274378,28.847200977071232,1.4622668906202207,2,,
59,27.588312220068815,28.713536045008187,1.4505607668146507,2,,
60,28.208918966299667,29.980953133713413,1.4533082829813462,2,27.195466113761757,1.0070882318017707
61,26.749214585657626,27.08784666686302,1.468978932436427,2,,
62,26.12593433480714,26.44958563791675,1.4933497291256705,2,,
63,25.492099718558826,27.13728147751019,1.4847777633685573,2,,
64,27.699319899170803,28.466122004731467,1.4698166038259433,2,,
65,27.403285128326058,28.21626350760154,1.4433198240874987,2,27.191337599791947,1.006935346838651
66,28.325781347594543,30.249963740262054,1.3977479368728765,2,,
67,28.290851761593522,29.19452177659641,1.3592762821456459,2,,
68,27.099083953087487,29.39534439471782,1.3084285804720295,2,,
69,28.105637454934765,28.70929916061433,1.2718285840751373,2,,
70,27.37978855999057,27.394331685863726,1.2560217931233444,2,27.190625161127222,1.0069089641838318
71,25.971551391805964,26.90643022858091,1.2409988509434937,2,,
72,27.54029883667419,29.828250923757754,1.2338046660554491,2,,
73,26.49894618750756,27.57303392199597,1.235825091054413,2,,
74,25.570310409747147,25.579357662199318,1.250202588045906,2,,
75,25.384135045616482,25.661111592547357,1.2358787266419144,2,27.18938732025715,1.0068631251102202
76,27.872097531393095,29.278730410994754,1.2208361013193947,2,,
77,26.057718657470158,26.213250779342697,1.2267829589309645,2,,
78,27.350172800627053,28.20581158980638,1.2189781766965466,2,,
79,27.90632003445777,28.914540490778382,1.2138959960565703,2,,
80,27.32816686215842,28.70977826048712,1.2109781449702237,2,27.189375821026776,1.0068626992767544
81,26.041436657575964,26.629449547591896,1.2033591132222092,2,,
82,26.62801980910163,28.17833752293666,1.1762787747218788,2,,
83,28.32369650323265,29.9136599982974,1.1584478748067233,2,,
84,27.685335666819732,28.840975565514427,1.160938478593522,2,,
85,26.556022751648733,28.15732600552632,1.1689987482710094,2,27.19033522157422,1.006898227294435
86,27.787854378344218,29.279081509827048,1.1794359755515798,2,,
87,28.40662077553815,29.989333939342103,1.1702964064883108,2,,
88,27.749470475177965,28.86680184955936,1.1421860769764902,2,,
89,29.016266825779525,31.78140748770745,1.114419510424059,2,,
90,28.993312306559055,30.561687965515553,1.0788990563083225,2,27.18940104646225,1.0068636334118455
91,26.33353531248872,26.486251287979098,1.0454949590649025,2,,
92,27.56938735987689,29.443461011391307,1.026687413874774,2,,
93,26.175036442954763,27.672843194615268,1.0098025946500717,2,,
94,26.1475002541937,26.154030886898965,1.0068658437161753,2,,
95,28.778608144535532,30.140067277719446,0.9977914960527311,2,27.190472358346895,1.0069033056714456
96,25.80811662911813,26.706765749439064,0.9786875507726783,2,,
97,28.298453367144567,28.905980178924914,0.9690357254689416,2,,
98,26.879340777739174,27.31612025408407,0.9401245313014857,2,,
99,29.647954287954363,31.392199560795962,0.9167715417403021,2,,
100,27.186767488631908,28.70342828348364,0.8918966279619237,2,27.188944830679496,1.0068467390683524
101,27.0944063353438,28.068043304858705,0.873795455075539,2,,
102,26.70207013436051,27.329991286790587,0.8674001635448315,2,,
103,26.666988969307962,27.276261593713315,0.8493979139632063,2,,
104,27.857316796400923,28.623464245361713,0.8439123063553712,2,,
105,25.72785168622922,27.385562903364463,0.8361992517704303,2,27.190451452939968,1.0069025315133853
106,27.880895438562966,28.711743798360562,0.8396189962117594,2,,
107,27.858417845973783,31.038277017961935,0.8458302423777941,2,,
108,25.268110215437922,26.922030656197364,0.8354939516186601,2,,
109,26.992602317693372,29.33465685618083,0.8096093940978556,2,,
110,27.873856944092417,29.246664137565013,0.7862121206280321,2,27.189307718835533,1.0068601773521413
111,27.35724983597527,29.132484209071222,0.7699011377572785,2,,
112,27.96594176504287,29.51633092005735,0.7854543359951698,2,,
113,29.162262583250893,31.60662130030603,0.8033820084111211,2,,
114,26.37243655945814,28.473885278524953,0.8134931047562831,2,,
115,28.728846756064826,30.776751860119177,0.8130985009014577,2,27.188315837160097,1.0068234465103718
116,26.229718661373013,27.39339873429302,0.8077514191500689,2,,
117,25.710969422893182,26.101994573630435,0.799367282217227,2,,
118,26.151985963298436,26.604613334691383,0.7976798591636336,2,,
119,28.071313303194597,29.593570133261316,0.793214012765446,2,,
120,26.953514215621148,27.91837233338098,0.7934281107052596,2,27.188356052822407,1.0068249357556776
121,26.306731540347787,27.18291387863508,0.8025823392635815,2,,
122,27.167027513540397,28.59190353273319,0.8023913121728417,2,,
123,27.780218877924856,28.277807787673936,0.8190089736140803,2,,
124,26.672285060877343,27.380772914877248,0.82868835300036,2,,
125,26.938425334165256,27.925588072398625,0.8459311020473732,2,27.18758571154528,1.0067964088816972
126,26.66814904743019,27.67893243616824,0.8562840672956236,2,,
127,26.598510005854294,27.733112538795595,0.8618262772688952,2,,
128,26.198328975661784,26.828689284054736,0.8683761582748765,2,,
129,26.09024737992892,27.016920728366376,0.8649028858710249,2,,
130,26.994175957711494,28.10698015935003,0.8697775992811696,2,27.187532103571623,1.0067944236993445
131,26.2291321677754,27.41695407152566,0.8998031986229115,2,,
132,26.57336400227102,27.67039669301758,0.9143088752565001,2,,
133,25.30138292895422,25.519203648057214,0.9406723789452828,2,,
134,27.93343764575465,28.99510313725202,0.970090419519738,2,,
135,27.527683804375556,28.664714979657,0.9894963518962723,2,27.18744511344173,1.0067912023264975
136,27.003480769035697,28.253831040079397,1.00274842318762,2,,
137,26.604362300754822,27.11620830800822,1.0269234014623965,2,,
138,26.18418743285926,26.750892444130766,1.0513680208816678,2,,
139,26.628982462918408,28.32584415023308,1.057481018228165,2,,
140,26.275743926016233,28.27169142457594,1.0743527758001001,2,27.186758690113695,1.0067657830579766
141,26.278138143240554,27.363017622137043,1.071313173835665,2,,
142,27.692111600866504,28.396512488093535,1.0740359500863625,2,,
143,27.141533062591243,27.99934408115548,1.0637062150911878,2,,
144,26.093562260470385,26.913365045262015,1.0896859374483587,2,,
145,28.653595572205376,29.16772852818496,1.1025860989335265,2,27.187616981627166,1.0067975668589622
146,25.494840736692886,27.29159974347799,1.1088641166897997,2,,
147,27.39926097699258,27.873729425818794,1.1257546667074403,2,,
148,27.224593501382607,27.54996510310557,1.1344661783844445,2,,
149,27.690612852949563,28.656825604492532,1.1158388085852964,2,,
150,28.338535880129307,29.29871560541334,1.0974154406239123,2,27.185941510974843,1.0067355217088765
