dist,trial,policy,spearman_vs_true,spearman_vs_empirical
1-6-14,1,empirical_gittins,0.951890044480447,1.0
1-6-14,1,fcfs,,
1-6-14,1,mean_excess,0.7944858805108715,0.679282378520964
1-6-14,1,imitation_tail_only,0.6781297966977068,0.5719856470558529
1-6-14,1,imitation_no_hazard,0.9782286443864339,0.935449426535115
1-6-14,1,imitation_full,0.9489953828107577,0.9880734113295548
1-6-14,1,labelfree_tail_only|linear|seed0,0.7890879975915969,0.6734312321425193
1-6-14,1,labelfree_tail_only|linear|seed1,0.7890857215629274,0.6734277167925865
1-6-14,1,labelfree_tail_only|linear|seed2,0.7890857215629274,0.6734277167925865
1-6-14,1,labelfree_no_hazard|linear|seed0,0.8981570136443949,0.8616553307535892
1-6-14,1,labelfree_no_hazard|linear|seed1,0.904236255828155,0.8612241431987757
1-6-14,1,labelfree_no_hazard|linear|seed2,0.8871210470305949,0.8507558582759998
1-6-14,1,labelfree_full|linear|seed0,0.8658663127791032,0.839117041182641
1-6-14,1,labelfree_full|linear|seed1,0.8160772232213851,0.7916092058420541
1-6-14,1,labelfree_full|linear|seed2,0.9090996900979287,0.8711899458256631
1-6-14,1,labelfree_tail_only|mlp8|seed0,0.7790044037693431,0.6623933440276571
1-6-14,1,labelfree_tail_only|mlp8|seed1,0.7812518132354695,0.6646400021436543
1-6-14,1,labelfree_tail_only|mlp8|seed2,0.7800053093265212,0.6633720093444317
1-6-14,1,labelfree_no_hazard|mlp8|seed0,0.8163535479601916,0.806249984883109
1-6-14,1,labelfree_no_hazard|mlp8|seed1,0.8144662372970098,0.8077632906873294
1-6-14,1,labelfree_no_hazard|mlp8|seed2,0.8778123869399008,0.838194488077356
1-6-14,1,labelfree_full|mlp8|seed0,0.7765109164320533,0.7419632053370981
1-6-14,1,labelfree_full|mlp8|seed1,0.8717221293176847,0.8663511139195452
1-6-14,1,labelfree_full|mlp8|seed2,0.8151474925251326,0.8332199690668624
1-6-14,0,empirical_gittins,0.9434158171243845,0.9999999999999999
1-6-14,0,fcfs,,
1-6-14,0,mean_excess,0.8001146121337279,0.6885642089023697
1-6-14,0,imitation_tail_only,0.6863603787575916,0.5811041416295812
1-6-14,0,imitation_no_hazard,0.9748287660290165,0.9325350025102043
1-6-14,0,imitation_full,0.9397523638447384,0.9885502200892636
1-6-14,0,labelfree_tail_only|linear|seed0,0.7920272410110928,0.6831880174564667
1-6-14,0,labelfree_tail_only|linear|seed1,0.7920266002615038,0.6831875021446253
1-6-14,0,labelfree_tail_only|linear|seed2,0.792029481939549,0.683191282228198
1-6-14,0,labelfree_no_hazard|linear|seed0,0.8931104722638065,0.8552144304361536
1-6-14,0,labelfree_no_hazard|linear|seed1,0.897640422687926,0.8532066551500459
1-6-14,0,labelfree_no_hazard|linear|seed2,0.8810510496893679,0.8444616199613921
1-6-14,0,labelfree_full|linear|seed0,0.8565883322042523,0.8300328443325123
1-6-14,0,labelfree_full|linear|seed1,0.8336630340289733,0.8087962382005052
1-6-14,0,labelfree_full|linear|seed2,0.8970817670212461,0.8600622570949867
1-6-14,0,labelfree_tail_only|mlp8|seed0,0.7848730752191709,0.6743860792967591
1-6-14,0,labelfree_tail_only|mlp8|seed1,0.7878363081432579,0.6779368067223962
1-6-14,0,labelfree_tail_only|mlp8|seed2,0.7863257087804986,0.67665191732865
1-6-14,0,labelfree_no_hazard|mlp8|seed0,0.8257400195835451,0.8124404167505187
1-6-14,0,labelfree_no_hazard|mlp8|seed1,0.8247950020854027,0.8116139209710674
1-6-14,0,labelfree_no_hazard|mlp8|seed2,0.8745673893547934,0.8354897407709714
1-6-14,0,labelfree_full|mlp8|seed0,0.870224466616226,0.8226003406106174
1-6-14,0,labelfree_full|mlp8|seed1,0.8424952145074522,0.8426895998426753
1-6-14,0,labelfree_full|mlp8|seed2,0.7925771329863059,0.8204994583063961
1-6-14,2,empirical_gittins,0.9324269332037973,1.0
1-6-14,2,fcfs,,
1-6-14,2,mean_excess,0.7844842692253592,0.6739623753426436
1-6-14,2,imitation_tail_only,0.6821684929291524,0.5995153791232021
1-6-14,2,imitation_no_hazard,0.971558519654119,0.9317500476010544
1-6-14,2,imitation_full,0.9313878824956213,0.9889997150732202
1-6-14,2,labelfree_tail_only|linear|seed0,0.7812687318960947,0.671605644332402
1-6-14,2,labelfree_tail_only|linear|seed1,0.7812687318960947,0.671605644332402
1-6-14,2,labelfree_tail_only|linear|seed2,0.7812687318960947,0.671605644332402
1-6-14,2,labelfree_no_hazard|linear|seed0,0.9264843906369762,0.8520335090312802
1-6-14,2,labelfree_no_hazard|linear|seed1,0.9558033953770118,0.875468874301435
1-6-14,2,labelfree_no_hazard|linear|seed2,0.9116002632219202,0.8371613128424097
1-6-14,2,labelfree_full|linear|seed0,0.9516255929692569,0.8920813544133069
1-6-14,2,labelfree_full|linear|seed1,0.9569400075876879,0.8996971853461443
1-6-14,2,labelfree_full|linear|seed2,0.9478727329014321,0.8790657572502327
1-6-14,2,labelfree_tail_only|mlp8|seed0,0.7729797663635508,0.6655881511014651
1-6-14,2,labelfree_tail_only|mlp8|seed1,0.7746986182002064,0.666645702246746
1-6-14,2,labelfree_tail_only|mlp8|seed2,0.7736127843437435,0.6657584547410073
1-6-14,2,labelfree_no_hazard|mlp8|seed0,0.9562695098821193,0.8982825798139346
1-6-14,2,labelfree_no_hazard|mlp8|seed1,0.9313182457439335,0.8689876713541542
1-6-14,2,labelfree_no_hazard|mlp8|seed2,0.9510312368147809,0.8782670471126763
1-6-14,2,labelfree_full|mlp8|seed0,0.9095643746718018,0.862147965622255
1-6-14,2,labelfree_full|mlp8|seed1,0.9181243951630566,0.8840202516069109
1-6-14,2,labelfree_full|mlp8|seed2,0.9246743774303336,0.925426247486541
1-6-14,3,empirical_gittins,0.9464824080593028,1.0
1-6-14,3,fcfs,,
1-6-14,3,mean_excess,0.8075673831417375,0.7183044819318505
1-6-14,3,imitation_tail_only,0.70889773532165,0.6424780576078226
1-6-14,3,imitation_no_hazard,0.9783442157197872,0.9318036153068318
1-6-14,3,imitation_full,0.9454629493597502,0.9934980499214033
1-6-14,3,labelfree_tail_only|linear|seed0,0.8049300565189921,0.7157658410616153
1-6-14,3,labelfree_tail_only|linear|seed1,0.8049305179966127,0.7157657841260637
1-6-14,3,labelfree_tail_only|linear|seed2,0.8049300565189921,0.7157658410616153
1-6-14,3,labelfree_no_hazard|linear|seed0,0.9396715940060613,0.8884788505342647
1-6-14,3,labelfree_no_hazard|linear|seed1,0.9619935781673282,0.9104482286648735
1-6-14,3,labelfree_no_hazard|linear|seed2,0.9327708794148577,0.8775803431650723
1-6-14,3,labelfree_full|linear|seed0,0.9559713791220037,0.9227967526790245
1-6-14,3,labelfree_full|linear|seed1,0.944718948547094,0.9207018420257082
1-6-14,3,labelfree_full|linear|seed2,0.9573928770275981,0.9119949023982609
1-6-14,3,labelfree_tail_only|mlp8|seed0,0.7933820075755027,0.7078584368952059
1-6-14,3,labelfree_tail_only|mlp8|seed1,0.7991007730987746,0.7109074315673927
1-6-14,3,labelfree_tail_only|mlp8|seed2,0.796477719319584,0.7098164609980746
1-6-14,3,labelfree_no_hazard|mlp8|seed0,0.9572835757534706,0.9316645711986443
1-6-14,3,labelfree_no_hazard|mlp8|seed1,0.9456620799496971,0.9176269566606463
1-6-14,3,labelfree_no_hazard|mlp8|seed2,0.9542747896121279,0.9109127223784275
1-6-14,3,labelfree_full|mlp8|seed0,0.9001185209377355,0.8733167738379536
1-6-14,3,labelfree_full|mlp8|seed1,0.9329734650937443,0.9140825522704622
1-6-14,3,labelfree_full|mlp8|seed2,0.9402690367182368,0.9456205311660236
1-6-14,4,empirical_gittins,0.9515011297843158,0.9999999999999999
1-6-14,4,fcfs,,
1-6-14,4,mean_excess,0.785618717035886,0.6994257193717867
1-6-14,4,imitation_tail_only,0.6670277447263172,0.6064379749216131
1-6-14,4,imitation_no_hazard,0.983860464902463,0.947780157718121
1-6-14,4,imitation_full,0.942392705221327,0.993368731496096
1-6-14,4,labelfree_tail_only|linear|seed0,0.7819753012806463,0.6965271783430032
1-6-14,4,labelfree_tail_only|linear|seed1,0.7819753012806463,0.6965271783430032
1-6-14,4,labelfree_tail_only|linear|seed2,0.7819753012806463,0.6965271783430032
1-6-14,4,labelfree_no_hazard|linear|seed0,0.9226960149705646,0.8661882840981233
1-6-14,4,labelfree_no_hazard|linear|seed1,0.9451811226702136,0.8891713270102584
1-6-14,4,labelfree_no_hazard|linear|seed2,0.9115311929611782,0.8522717315885829
1-6-14,4,labelfree_full|linear|seed0,0.9509588693007319,0.9078360365448311
1-6-14,4,labelfree_full|linear|seed1,0.9352684324053231,0.9027231593223749
1-6-14,4,labelfree_full|linear|seed2,0.9477170262267581,0.896005519297735
1-6-14,4,labelfree_tail_only|mlp8|seed0,0.7728969813016369,0.6893471376688669
1-6-14,4,labelfree_tail_only|mlp8|seed1,0.7747828547017053,0.6906677448241072
1-6-14,4,labelfree_tail_only|mlp8|seed2,0.7733863710469683,0.6894354285567303
1-6-14,4,labelfree_no_hazard|mlp8|seed0,0.9368494584054914,0.9032771436107153
1-6-14,4,labelfree_no_hazard|mlp8|seed1,0.9189148078306728,0.8794979374403332
1-6-14,4,labelfree_no_hazard|mlp8|seed2,0.9305019243079262,0.8847993474057398
1-6-14,4,labelfree_full|mlp8|seed0,0.8918558533525065,0.8712171843746355
1-6-14,4,labelfree_full|mlp8|seed1,0.9263032152199862,0.9011460714686849
1-6-14,4,labelfree_full|mlp8|seed2,0.9271413635752884,0.9334266551312758
1-6-14,6,empirical_gittins,0.9336907257587123,0.9999999999999999
1-6-14,6,fcfs,,
1-6-14,6,mean_excess,0.8019190480551465,0.664080611916354
1-6-14,6,imitation_tail_only,0.6777748051458976,0.5695057206722127
1-6-14,6,imitation_no_hazard,0.9618041871702419,0.9222253023380662
1-6-14,6,imitation_full,0.9293986409316521,0.992501535630178
1-6-14,6,labelfree_tail_only|linear|seed0,0.793699454285014,0.6584388510609919
1-6-14,6,labelfree_tail_only|linear|seed1,0.793699454285014,0.6584388510609919
1-6-14,6,labelfree_tail_only|linear|seed2,0.793699454285014,0.6584388510609919
1-6-14,6,labelfree_no_hazard|linear|seed0,0.9371144895051752,0.8651456018587732
1-6-14,6,labelfree_no_hazard|linear|seed1,0.9631452009241813,0.8887149421765591
1-6-14,6,labelfree_no_hazard|linear|seed2,0.9233472932743085,0.8499486819481503
1-6-14,6,labelfree_full|linear|seed0,0.9555780286826457,0.9079945925002171
1-6-14,6,labelfree_full|linear|seed1,0.9545567700412844,0.9131044147958792
1-6-14,6,labelfree_full|linear|seed2,0.9554015057788404,0.8880737114124797
1-6-14,6,labelfree_tail_only|mlp8|seed0,0.7839216973348326,0.650778279377363
1-6-14,6,labelfree_tail_only|mlp8|seed1,0.7862487368805174,0.6525289811845719
1-6-14,6,labelfree_tail_only|mlp8|seed2,0.7852846330740467,0.6512983623268538
1-6-14,6,labelfree_no_hazard|mlp8|seed0,0.9577058485075438,0.9155123143141595
1-6-14,6,labelfree_no_hazard|mlp8|seed1,0.9365007246706585,0.8902330642029247
1-6-14,6,labelfree_no_hazard|mlp8|seed2,0.949834160638177,0.8883866740625086
1-6-14,6,labelfree_full|mlp8|seed0,0.8997618458318368,0.8686863527134049
1-6-14,6,labelfree_full|mlp8|seed1,0.9171948689900001,0.893423597889652
1-6-14,6,labelfree_full|mlp8|seed2,0.9159411405353546,0.9216867807622494
1-6-14,5,empirical_gittins,0.9534782666332178,1.0
1-6-14,5,fcfs,,
1-6-14,5,mean_excess,0.8069566832167699,0.7105969983880435
1-6-14,5,imitation_tail_only,0.6963049380940182,0.6211518975421144
1-6-14,5,imitation_no_hazard,0.978264844788545,0.9447339924211463
1-6-14,5,imitation_full,0.9492535560231797,0.992969762689778
1-6-14,5,labelfree_tail_only|linear|seed0,0.8017846015601564,0.7069251550434333
1-6-14,5,labelfree_tail_only|linear|seed1,0.8017828434717144,0.706922955048467
1-6-14,5,labelfree_tail_only|linear|seed2,0.8017846015601564,0.7069251550434333
1-6-14,5,labelfree_no_hazard|linear|seed0,0.9167396940998599,0.8611060892596439
1-6-14,5,labelfree_no_hazard|linear|seed1,0.9206786101848614,0.8575751116451548
1-6-14,5,labelfree_no_hazard|linear|seed2,0.9098184051055296,0.8526078139066734
1-6-14,5,labelfree_full|linear|seed0,0.8915270558461531,0.8401615522112809
1-6-14,5,labelfree_full|linear|seed1,0.8659712279193551,0.8143282718689753
1-6-14,5,labelfree_full|linear|seed2,0.9240968650396382,0.8685104791097297
1-6-14,5,labelfree_tail_only|mlp8|seed0,0.7936174223677899,0.7001661553351417
1-6-14,5,labelfree_tail_only|mlp8|seed1,0.7966487992106521,0.7024712461591799
1-6-14,5,labelfree_tail_only|mlp8|seed2,0.7951987132394915,0.7013961528098288
1-6-14,5,labelfree_no_hazard|mlp8|seed0,0.864928700548382,0.8217499183269753
1-6-14,5,labelfree_no_hazard|mlp8|seed1,0.8524472359031495,0.8120207759926366
1-6-14,5,labelfree_no_hazard|mlp8|seed2,0.9055470322707276,0.8448685686088903
1-6-14,5,labelfree_full|mlp8|seed0,0.870587087534092,0.8065143316553947
1-6-14,5,labelfree_full|mlp8|seed1,0.8830506120471763,0.8545697118743452
1-6-14,5,labelfree_full|mlp8|seed2,0.8422126845871262,0.8343787923212996
1-6-14,7,empirical_gittins,0.9393515112431247,1.0
1-6-14,7,fcfs,,
1-6-14,7,mean_excess,0.8004287792288624,0.6879397724198624
1-6-14,7,imitation_tail_only,0.6934417246008056,0.5799122836735472
1-6-14,7,imitation_no_hazard,0.9632430418524722,0.9302342151761495
1-6-14,7,imitation_full,0.9324287384059123,0.9912948386204143
1-6-14,7,labelfree_tail_only|linear|seed0,0.7947305054119664,0.6813233809309006
1-6-14,7,labelfree_tail_only|linear|seed1,0.7947292117782633,0.6813222317476036
1-6-14,7,labelfree_tail_only|linear|seed2,0.7947292117782633,0.6813222317476036
1-6-14,7,labelfree_no_hazard|linear|seed0,0.9102058512124532,0.8865239707790807
1-6-14,7,labelfree_no_hazard|linear|seed1,0.9332190972383303,0.9035087570624136
1-6-14,7,labelfree_no_hazard|linear|seed2,0.9013309365778326,0.8748442447356475
1-6-14,7,labelfree_full|linear|seed0,0.9242407272175666,0.9130035566324238
1-6-14,7,labelfree_full|linear|seed1,0.9228056412496043,0.9122305029545793
1-6-14,7,labelfree_full|linear|seed2,0.9278456863068341,0.9017631636844109
1-6-14,7,labelfree_tail_only|mlp8|seed0,0.7831488885593565,0.6671406790965799
1-6-14,7,labelfree_tail_only|mlp8|seed1,0.786903838537976,0.6705064122726665
1-6-14,7,labelfree_tail_only|mlp8|seed2,0.7853193362723065,0.6685219316143105
1-6-14,7,labelfree_no_hazard|mlp8|seed0,0.9295779902355886,0.9263490206547594
1-6-14,7,labelfree_no_hazard|mlp8|seed1,0.9122038219216843,0.912893437266498
1-6-14,7,labelfree_no_hazard|mlp8|seed2,0.9207170872910767,0.8996997809996898
1-6-14,7,labelfree_full|mlp8|seed0,0.8840272343856389,0.8640210037194185
1-6-14,7,labelfree_full|mlp8|seed1,0.8956747655669299,0.9082007199883737
1-6-14,7,labelfree_full|mlp8|seed2,0.9054471281505133,0.9410345495666607
1-6-14,8,empirical_gittins,0.9535259944536354,1.0
1-6-14,8,fcfs,,
1-6-14,8,mean_excess,0.7837833399801862,0.6947565644782497
1-6-14,8,imitation_tail_only,0.6772650514553972,0.6143572004134129
1-6-14,8,imitation_no_hazard,0.9765001412503144,0.9412619607570565
1-6-14,8,imitation_full,0.9458080374453598,0.9906081516071177
1-6-14,8,labelfree_tail_only|linear|seed0,0.7804645033668088,0.6922067688481216
1-6-14,8,labelfree_tail_only|linear|seed1,0.7804645033668088,0.6922067688481216
1-6-14,8,labelfree_tail_only|linear|seed2,0.7804645033668088,0.6922067688481216
1-6-14,8,labelfree_no_hazard|linear|seed0,0.9262497752152913,0.8618594522068772
1-6-14,8,labelfree_no_hazard|linear|seed1,0.9488039800642177,0.8817789038401719
1-6-14,8,labelfree_no_hazard|linear|seed2,0.9159883557111088,0.8495577458796555
1-6-14,8,labelfree_full|linear|seed0,0.953033885062553,0.8967718187078916
1-6-14,8,labelfree_full|linear|seed1,0.9448894530916664,0.8974012746972128
1-6-14,8,labelfree_full|linear|seed2,0.9498288957677472,0.8887191150667378
1-6-14,8,labelfree_tail_only|mlp8|seed0,0.7709588916181067,0.6852579748731803
1-6-14,8,labelfree_tail_only|mlp8|seed1,0.7734775452374368,0.6868055530166399
1-6-14,8,labelfree_tail_only|mlp8|seed2,0.7719409050130608,0.6857217781024679
1-6-14,8,labelfree_no_hazard|mlp8|seed0,0.948518510180456,0.8986913262915593
1-6-14,8,labelfree_no_hazard|mlp8|seed1,0.9308758520341647,0.8754691514207202
1-6-14,8,labelfree_no_hazard|mlp8|seed2,0.936375784920503,0.883098241307234
1-6-14,8,labelfree_full|mlp8|seed0,0.8957271900798837,0.8637878626566525
1-6-14,8,labelfree_full|mlp8|seed1,0.9328235332208967,0.8995315602083478
1-6-14,8,labelfree_full|mlp8|seed2,0.939897981485253,0.9405120931361507
1-6-14,9,empirical_gittins,0.9412783010756279,1.0
1-6-14,9,fcfs,,
1-6-14,9,mean_excess,0.8047460860423983,0.6772954061329372
1-6-14,9,imitation_tail_only,0.6881123713311292,0.5829387742128007
1-6-14,9,imitation_no_hazard,0.9676155709600853,0.9284981151949889
1-6-14,9,imitation_full,0.940044739131033,0.9899795817315941
1-6-14,9,labelfree_tail_only|linear|seed0,0.7986846571610343,0.6723462123027545
1-6-14,9,labelfree_tail_only|linear|seed1,0.7986809366090725,0.6723417829186588
1-6-14,9,labelfree_tail_only|linear|seed2,0.7986823281412372,0.6723429719273688
1-6-14,9,labelfree_no_hazard|linear|seed0,0.9410945423546657,0.878548114072862
1-6-14,9,labelfree_no_hazard|linear|seed1,0.9660582504771749,0.900139901410697
1-6-14,9,labelfree_no_hazard|linear|seed2,0.9287880801433157,0.8647201714303612
1-6-14,9,labelfree_full|linear|seed0,0.9578521337799947,0.9152432028875743
1-6-14,9,labelfree_full|linear|seed1,0.953980061604501,0.9162354388223898
1-6-14,9,labelfree_full|linear|seed2,0.9591938778386064,0.9004018622417743
1-6-14,9,labelfree_tail_only|mlp8|seed0,0.7892009081465559,0.664220004136999
1-6-14,9,labelfree_tail_only|mlp8|seed1,0.7912238006668458,0.6659404311438025
1-6-14,9,labelfree_tail_only|mlp8|seed2,0.7902060386145865,0.6648152548889813
1-6-14,9,labelfree_no_hazard|mlp8|seed0,0.9583343911373225,0.9249434299299308
1-6-14,9,labelfree_no_hazard|mlp8|seed1,0.9445865563907697,0.9070796830405258
1-6-14,9,labelfree_no_hazard|mlp8|seed2,0.9596083682328077,0.8995038258486644
1-6-14,9,labelfree_full|mlp8|seed0,0.8980394657598355,0.863176241987092
1-6-14,9,labelfree_full|mlp8|seed1,0.9299889920006239,0.9072946551620036
1-6-14,9,labelfree_full|mlp8|seed2,0.9409866365482488,0.9457224661175432
1-6-14,10,empirical_gittins,0.9335569827151681,1.0
1-6-14,10,fcfs,,
1-6-14,10,mean_excess,0.8042360568359916,0.6769514715293221
1-6-14,10,imitation_tail_only,0.687505362788572,0.5893261759886622
1-6-14,10,imitation_no_hazard,0.9685063410030189,0.9274604385196765
1-6-14,10,imitation_full,0.9349181288457655,0.99319738551748
1-6-14,10,labelfree_tail_only|linear|seed0,0.7988834764022213,0.6730575351616093
1-6-14,10,labelfree_tail_only|linear|seed1,0.7988829864261069,0.6730571333811914
1-6-14,10,labelfree_tail_only|linear|seed2,0.7988834764022213,0.6730575351616093
1-6-14,10,labelfree_no_hazard|linear|seed0,0.9455152407854341,0.877576835449971
1-6-14,10,labelfree_no_hazard|linear|seed1,0.971463304388724,0.9017216320298357
1-6-14,10,labelfree_no_hazard|linear|seed2,0.9327203507842226,0.8628729689644653
1-6-14,10,labelfree_full|linear|seed0,0.9607889166828023,0.9173659260134298
1-6-14,10,labelfree_full|linear|seed1,0.9519761017612709,0.9158211521704168
1-6-14,10,labelfree_full|linear|seed2,0.962944563331523,0.9017095149204083
1-6-14,10,labelfree_tail_only|mlp8|seed0,0.7900008104858235,0.666041949292378
1-6-14,10,labelfree_tail_only|mlp8|seed1,0.7920885366455683,0.6676271053338805
1-6-14,10,labelfree_tail_only|mlp8|seed2,0.7911078037215268,0.6666322839535478
1-6-14,10,labelfree_no_hazard|mlp8|seed0,0.9595614350540647,0.9260085559825924
1-6-14,10,labelfree_no_hazard|mlp8|seed1,0.946257975978183,0.9064039189544353
1-6-14,10,labelfree_no_hazard|mlp8|seed2,0.9627072678993273,0.9002235806762945
1-6-14,10,labelfree_full|mlp8|seed0,0.8984017279667509,0.8653664590682493
1-6-14,10,labelfree_full|mlp8|seed1,0.9298882757770587,0.9067686212459741
1-6-14,10,labelfree_full|mlp8|seed2,0.9392909566101587,0.945027246902354
1-6-14,11,empirical_gittins,0.9396402049898434,1.0
1-6-14,11,fcfs,,
1-6-14,11,mean_excess,0.7953367304086725,0.6989836785568357
1-6-14,11,imitation_tail_only,0.6886991148430598,0.6198799180711507
1-6-14,11,imitation_no_hazard,0.9832547594104873,0.9326911921649105
1-6-14,11,imitation_full,0.9446933386514909,0.9902244990577148
1-6-14,11,labelfree_tail_only|linear|seed0,0.7915584045107217,0.6958056466214732
1-6-14,11,labelfree_tail_only|linear|seed1,0.7915591445913538,0.6958070082417032
1-6-14,11,labelfree_tail_only|linear|seed2,0.7915584045107217,0.6958056466214732
1-6-14,11,labelfree_no_hazard|linear|seed0,0.9380400682345371,0.8712944000028067
1-6-14,11,labelfree_no_hazard|linear|seed1,0.963415962556303,0.8945652426300323
1-6-14,11,labelfree_no_hazard|linear|seed2,0.9268286988736602,0.8593567326381548
1-6-14,11,labelfree_full|linear|seed0,0.9534145641563277,0.9069835923721042
1-6-14,11,labelfree_full|linear|seed1,0.9459225260783269,0.9014345638276664
1-6-14,11,labelfree_full|linear|seed2,0.9558583424413445,0.8985925468320669
1-6-14,11,labelfree_tail_only|mlp8|seed0,0.7822760312885845,0.6885581041677763
1-6-14,11,labelfree_tail_only|mlp8|seed1,0.7854298256313643,0.6906822141056664
1-6-14,11,labelfree_tail_only|mlp8|seed2,0.7839420841475395,0.689639600670747
1-6-14,11,labelfree_no_hazard|mlp8|seed0,0.9549778835713607,0.9098753709804402
1-6-14,11,labelfree_no_hazard|mlp8|seed1,0.9395696002454788,0.888826034185206
1-6-14,11,labelfree_no_hazard|mlp8|seed2,0.9548238186474125,0.8914489232343265
1-6-14,11,labelfree_full|mlp8|seed0,0.9059731818102714,0.8633785791459261
1-6-14,11,labelfree_full|mlp8|seed1,0.9281223277802895,0.900704929215011
1-6-14,11,labelfree_full|mlp8|seed2,0.9387549797174335,0.9376205505464708
1-6-14,12,empirical_gittins,0.929294297195309,1.0
1-6-14,12,fcfs,,
1-6-14,12,mean_excess,0.8025982525630675,0.6821173018059172
1-6-14,12,imitation_tail_only,0.682353822636719,0.5862790374043689
1-6-14,12,imitation_no_hazard,0.9859341137650601,0.9341629461650218
1-6-14,12,imitation_full,0.9318814132960876,0.9904101154532452
1-6-14,12,labelfree_tail_only|linear|seed0,0.795955604337248,0.6775233642041821
1-6-14,12,labelfree_tail_only|linear|seed1,0.7959525799262073,0.6775200400166889
1-6-14,12,labelfree_tail_only|linear|seed2,0.795955604337248,0.6775233642041821
1-6-14,12,labelfree_no_hazard|linear|seed0,0.9097021314190402,0.8517177070203006
1-6-14,12,labelfree_no_hazard|linear|seed1,0.9164766855780515,0.8483993868179769
1-6-14,12,labelfree_no_hazard|linear|seed2,0.9008626073283706,0.8430992346626208
1-6-14,12,labelfree_full|linear|seed0,0.8781715737857935,0.8266657440658519
1-6-14,12,labelfree_full|linear|seed1,0.8480956612685217,0.7903669739614313
1-6-14,12,labelfree_full|linear|seed2,0.9150729758074897,0.8600641822329976
1-6-14,12,labelfree_tail_only|mlp8|seed0,0.7865800933225329,0.6692862057965273
1-6-14,12,labelfree_tail_only|mlp8|seed1,0.7896588405056921,0.6719421283472489
1-6-14,12,labelfree_tail_only|mlp8|seed2,0.7881927739079345,0.6705446805614784
1-6-14,12,labelfree_no_hazard|mlp8|seed0,0.846274003206582,0.8017031761074311
1-6-14,12,labelfree_no_hazard|mlp8|seed1,0.8366763845079248,0.7956815370358147
1-6-14,12,labelfree_no_hazard|mlp8|seed2,0.9002878126807174,0.8335112053988656
1-6-14,12,labelfree_full|mlp8|seed0,0.8492786856277343,0.7642879136811233
1-6-14,12,labelfree_full|mlp8|seed1,0.8697936487647936,0.8499938410100312
1-6-14,12,labelfree_full|mlp8|seed2,0.8042433233011932,0.8071701538445464
1-6-14,13,empirical_gittins,0.9479947032443959,0.9999999999999999
1-6-14,13,fcfs,,
1-6-14,13,mean_excess,0.783564387934794,0.6801220621099313
1-6-14,13,imitation_tail_only,0.6753981771735126,0.5885947621487447
1-6-14,13,imitation_no_hazard,0.9802891445166085,0.9289832067838616
1-6-14,13,imitation_full,0.9491179350422,0.9881297128082744
1-6-14,13,labelfree_tail_only|linear|seed0,0.778840578776239,0.6759564282397516
1-6-14,13,labelfree_tail_only|linear|seed1,0.778840578776239,0.6759564282397516
1-6-14,13,labelfree_tail_only|linear|seed2,0.778840578776239,0.6759564282397516
1-6-14,13,labelfree_no_hazard|linear|seed0,0.9041979501037889,0.8493610355662696
1-6-14,13,labelfree_no_hazard|linear|seed1,0.9092661982148181,0.8464494820311887
1-6-14,13,labelfree_no_hazard|linear|seed2,0.8938766789878689,0.8393645183076192
1-6-14,13,labelfree_full|linear|seed0,0.8700153732711693,0.8223246634944796
1-6-14,13,labelfree_full|linear|seed1,0.8419390564845578,0.7909232006625635
1-6-14,13,labelfree_full|linear|seed2,0.9115708508941662,0.857384574866616
1-6-14,13,labelfree_tail_only|mlp8|seed0,0.7704698598563401,0.6683856624189524
1-6-14,13,labelfree_tail_only|mlp8|seed1,0.7731194088195603,0.6706602118782959
1-6-14,13,labelfree_tail_only|mlp8|seed2,0.7719832547065746,0.6696015570546423
1-6-14,13,labelfree_no_hazard|mlp8|seed0,0.8404958204845833,0.7996826293608004
1-6-14,13,labelfree_no_hazard|mlp8|seed1,0.8275571224211913,0.7922182106335367
1-6-14,13,labelfree_no_hazard|mlp8|seed2,0.8924998844335411,0.8309519541301187
1-6-14,13,labelfree_full|mlp8|seed0,0.8365707804555839,0.7686707441298442
1-6-14,13,labelfree_full|mlp8|seed1,0.870193552552312,0.848439639926088
1-6-14,13,labelfree_full|mlp8|seed2,0.821663832923619,0.8167275867583448
1-6-14,15,empirical_gittins,0.9540472134728021,1.0
1-6-14,15,fcfs,,
1-6-14,15,mean_excess,0.7744134543349279,0.6946744704207317
1-6-14,15,imitation_tail_only,0.6696201064594235,0.6178005391752863
1-6-14,15,imitation_no_hazard,0.9771708999117172,0.9360837571175791
1-6-14,15,imitation_full,0.950380718339675,0.9917597808684926
1-6-14,15,labelfree_tail_only|linear|seed0,0.7711280086832382,0.6922595837117539
1-6-14,15,labelfree_tail_only|linear|seed1,0.7711255824109045,0.6922570940292581
1-6-14,15,labelfree_tail_only|linear|seed2,0.7711280086832382,0.6922595837117539
1-6-14,15,labelfree_no_hazard|linear|seed0,0.925217000274162,0.8600770211480915
1-6-14,15,labelfree_no_hazard|linear|seed1,0.9490872281715195,0.8840707821973247
1-6-14,15,labelfree_no_hazard|linear|seed2,0.9118452961502838,0.8450929254509639
1-6-14,15,labelfree_full|linear|seed0,0.9497192604336125,0.8993481765094413
1-6-14,15,labelfree_full|linear|seed1,0.9440446599910225,0.8998885127019984
1-6-14,15,labelfree_full|linear|seed2,0.9471230455779795,0.8906795409238736
1-6-14,15,labelfree_tail_only|mlp8|seed0,0.7629371669254973,0.6861734497233313
1-6-14,15,labelfree_tail_only|mlp8|seed1,0.764567588559933,0.6872489374948297
1-6-14,15,labelfree_tail_only|mlp8|seed2,0.7634373428002051,0.6864079220802601
1-6-14,15,labelfree_no_hazard|mlp8|seed0,0.9494430825595763,0.9001989804478183
1-6-14,15,labelfree_no_hazard|mlp8|seed1,0.9291328803377202,0.8740293653861978
1-6-14,15,labelfree_no_hazard|mlp8|seed2,0.9383529755208176,0.8832951242856469
1-6-14,15,labelfree_full|mlp8|seed0,0.9010272386514807,0.867837311426982
1-6-14,15,labelfree_full|mlp8|seed1,0.928372792959477,0.8958130876806779
1-6-14,15,labelfree_full|mlp8|seed2,0.9505305798704439,0.9402836996374515
1-6-14,14,empirical_gittins,0.931941474562053,1.0
1-6-14,14,fcfs,,
1-6-14,14,mean_excess,0.8006008105422199,0.6621546623793642
1-6-14,14,imitation_tail_only,0.677144529757638,0.5578285727191197
1-6-14,14,imitation_no_hazard,0.9778224258795983,0.9332401451251101
1-6-14,14,imitation_full,0.9323529460270396,0.9912303522298819
1-6-14,14,labelfree_tail_only|linear|seed0,0.7923484955606831,0.6560756443745136
1-6-14,14,labelfree_tail_only|linear|seed1,0.7923484955606831,0.6560756443745136
1-6-14,14,labelfree_tail_only|linear|seed2,0.7923484955606831,0.6560756443745136
1-6-14,14,labelfree_no_hazard|linear|seed0,0.894530571840648,0.8477467854817822
1-6-14,14,labelfree_no_hazard|linear|seed1,0.9007860284709275,0.8438593246528664
1-6-14,14,labelfree_no_hazard|linear|seed2,0.8805783570410436,0.8355238850970772
1-6-14,14,labelfree_full|linear|seed0,0.8542482766240144,0.8197928089314614
1-6-14,14,labelfree_full|linear|seed1,0.8335846101312891,0.7968061372808584
1-6-14,14,labelfree_full|linear|seed2,0.9000109941611205,0.8551423510654197
1-6-14,14,labelfree_tail_only|mlp8|seed0,0.7807334581426314,0.6457223784976915
1-6-14,14,labelfree_tail_only|mlp8|seed1,0.7833586103413605,0.6486377367879652
1-6-14,14,labelfree_tail_only|mlp8|seed2,0.7824234102429852,0.647547332335454
1-6-14,14,labelfree_no_hazard|mlp8|seed0,0.8254381972857517,0.8022936916938813
1-6-14,14,labelfree_no_hazard|mlp8|seed1,0.8148685302469634,0.7961309207488801
1-6-14,14,labelfree_no_hazard|mlp8|seed2,0.8832292068614265,0.8293820114428508
1-6-14,14,labelfree_full|mlp8|seed0,0.8571685928761243,0.7954164215371698
1-6-14,14,labelfree_full|mlp8|seed1,0.8437893411462417,0.8376141806517154
1-6-14,14,labelfree_full|mlp8|seed2,0.7902016995479116,0.8102357518339505
1-6-14,16,empirical_gittins,0.9249253594221203,1.0
1-6-14,16,fcfs,,
1-6-14,16,mean_excess,0.7866272685465823,0.6672157645881147
1-6-14,16,imitation_tail_only,0.6833584407776856,0.562665012932386
1-6-14,16,imitation_no_hazard,0.9751896050144794,0.9256162321008716
1-6-14,16,imitation_full,0.9208397998682558,0.9919671729042038
1-6-14,16,labelfree_tail_only|linear|seed0,0.7795262807029065,0.6607631524594154
1-6-14,16,labelfree_tail_only|linear|seed1,0.7795262807029065,0.6607631524594154
1-6-14,16,labelfree_tail_only|linear|seed2,0.7795262807029065,0.6607631524594154
1-6-14,16,labelfree_no_hazard|linear|seed0,0.8729751243941433,0.8487521657552333
1-6-14,16,labelfree_no_hazard|linear|seed1,0.8779039819352628,0.8440604323634723
1-6-14,16,labelfree_no_hazard|linear|seed2,0.8621234344942784,0.8384006876411738
1-6-14,16,labelfree_full|linear|seed0,0.8373558520823402,0.8230249426523887
1-6-14,16,labelfree_full|linear|seed1,0.8170854631354972,0.8012065431319801
1-6-14,16,labelfree_full|linear|seed2,0.881436125003181,0.8566090367979001
1-6-14,16,labelfree_tail_only|mlp8|seed0,0.7708160419616265,0.6494658800315289
1-6-14,16,labelfree_tail_only|mlp8|seed1,0.7733558283143624,0.652414025778895
1-6-14,16,labelfree_tail_only|mlp8|seed2,0.7723870985805081,0.6514025069632309
1-6-14,16,labelfree_no_hazard|mlp8|seed0,0.809060309498013,0.8062847512313214
1-6-14,16,labelfree_no_hazard|mlp8|seed1,0.7996433695499575,0.8011195650893761
1-6-14,16,labelfree_no_hazard|mlp8|seed2,0.8594617902564586,0.8280433598517416
1-6-14,16,labelfree_full|mlp8|seed0,0.8440143839236084,0.8013779361026129
1-6-14,16,labelfree_full|mlp8|seed1,0.8256142696224632,0.8423463398397814
1-6-14,16,labelfree_full|mlp8|seed2,0.774600447871957,0.8182986802298972
1-6-14,19,empirical_gittins,0.9516211760249963,1.0
1-6-14,19,fcfs,,
1-6-14,19,mean_excess,0.8075062856381899,0.7112482722369281
1-6-14,19,imitation_tail_only,0.7085318296304949,0.6212030719673856
1-6-14,19,imitation_no_hazard,0.9751550396490245,0.9386438219197578
1-6-14,19,imitation_full,0.9496827992322526,0.9905366062648272
1-6-14,19,labelfree_tail_only|linear|seed0,0.8026871366568228,0.707393728056979
1-6-14,19,labelfree_tail_only|linear|seed1,0.8026843279032964,0.7073914742711838
1-6-14,19,labelfree_tail_only|linear|seed2,0.8026871366568228,0.707393728056979
1-6-14,19,labelfree_no_hazard|linear|seed0,0.9017997980792947,0.8596494175457509
1-6-14,19,labelfree_no_hazard|linear|seed1,0.9059083940237347,0.8573678479056058
1-6-14,19,labelfree_no_hazard|linear|seed2,0.896148518154978,0.8526188483760735
1-6-14,19,labelfree_full|linear|seed0,0.8739068930949128,0.8381209889376517
1-6-14,19,labelfree_full|linear|seed1,0.8528541754797346,0.8170245934925028
1-6-14,19,labelfree_full|linear|seed2,0.9074289625381404,0.8648510811652488
1-6-14,19,labelfree_tail_only|mlp8|seed0,0.7952023110633667,0.6999046028894639
1-6-14,19,labelfree_tail_only|mlp8|seed1,0.7989927964012388,0.7031301680892255
1-6-14,19,labelfree_tail_only|mlp8|seed2,0.7974717006674553,0.7022382130910813
1-6-14,19,labelfree_no_hazard|mlp8|seed0,0.8566109989394504,0.8291305233240978
1-6-14,19,labelfree_no_hazard|mlp8|seed1,0.8434417988439047,0.8191306376166279
1-6-14,19,labelfree_no_hazard|mlp8|seed2,0.8870613803783538,0.842317151152352
1-6-14,19,labelfree_full|mlp8|seed0,0.8781324916601756,0.8275053479854981
1-6-14,19,labelfree_full|mlp8|seed1,0.8599588049893895,0.8490356141535615
1-6-14,19,labelfree_full|mlp8|seed2,0.8210346423150428,0.832734803157879
1-6-14,17,empirical_gittins,0.9254244923532854,1.0
1-6-14,17,fcfs,,
1-6-14,17,mean_excess,0.8153842340361684,0.66944631413028
1-6-14,17,imitation_tail_only,0.6919157633594603,0.5778491049632631
1-6-14,17,imitation_no_hazard,0.9740245513461812,0.9375142593976898
1-6-14,17,imitation_full,0.9287178183793504,0.992977516958185
1-6-14,17,labelfree_tail_only|linear|seed0,0.8066797806201473,0.6646070994427907
1-6-14,17,labelfree_tail_only|linear|seed1,0.8066797806201473,0.6646070994427907
1-6-14,17,labelfree_tail_only|linear|seed2,0.8066797806201473,0.6646070994427907
1-6-14,17,labelfree_no_hazard|linear|seed0,0.9165617818167426,0.8397682598839687
1-6-14,17,labelfree_no_hazard|linear|seed1,0.9210474747754024,0.8320924867120577
1-6-14,17,labelfree_no_hazard|linear|seed2,0.9068993185117369,0.8303716454211328
1-6-14,17,labelfree_full|linear|seed0,0.8828252731869657,0.8146565123897821
1-6-14,17,labelfree_full|linear|seed1,0.8585436250383823,0.7842790803089038
1-6-14,17,labelfree_full|linear|seed2,0.9232050426080275,0.8467043479840759
1-6-14,17,labelfree_tail_only|mlp8|seed0,0.7960336935916702,0.6566248931980841
1-6-14,17,labelfree_tail_only|mlp8|seed1,0.7986270712866566,0.6588279654437417
1-6-14,17,labelfree_tail_only|mlp8|seed2,0.7977070673064388,0.6578120357103047
1-6-14,17,labelfree_no_hazard|mlp8|seed0,0.8602474434435908,0.7971842219477222
1-6-14,17,labelfree_no_hazard|mlp8|seed1,0.8432303794508788,0.7883683894081223
1-6-14,17,labelfree_no_hazard|mlp8|seed2,0.9068543381737137,0.8196087967154029
1-6-14,17,labelfree_full|mlp8|seed0,0.8666564581998851,0.7707756475998011
1-6-14,17,labelfree_full|mlp8|seed1,0.8723496054552442,0.8372640855077348
1-6-14,17,labelfree_full|mlp8|seed2,0.8307137346312181,0.823396321914855
1-6-14,18,empirical_gittins,0.9317473604143499,1.0
1-6-14,18,fcfs,,
1-6-14,18,mean_excess,0.7995777095534394,0.6743874098377577
1-6-14,18,imitation_tail_only,0.6858832084975012,0.5859462141800256
1-6-14,18,imitation_no_hazard,0.9762137255673375,0.9357384970147115
1-6-14,18,imitation_full,0.9335424292765333,0.9864922180079644
1-6-14,18,labelfree_tail_only|linear|seed0,0.7932398364164381,0.6691370072581175
1-6-14,18,labelfree_tail_only|linear|seed1,0.7932393534724602,0.6691367544418034
1-6-14,18,labelfree_tail_only|linear|seed2,0.7932398364164381,0.6691370072581175
1-6-14,18,labelfree_no_hazard|linear|seed0,0.9294935015155593,0.8624505854004293
1-6-14,18,labelfree_no_hazard|linear|seed1,0.9542729291704186,0.8821932641752417
1-6-14,18,labelfree_no_hazard|linear|seed2,0.9196587428395209,0.85057321824816
1-6-14,18,labelfree_full|linear|seed0,0.9521695233969795,0.9010161194101692
1-6-14,18,labelfree_full|linear|seed1,0.9475880218717744,0.9037427093234505
1-6-14,18,labelfree_full|linear|seed2,0.9529470567186716,0.8928761649985418
1-6-14,18,labelfree_tail_only|mlp8|seed0,0.7823172966696788,0.6604202670117071
1-6-14,18,labelfree_tail_only|mlp8|seed1,0.7857822997842784,0.6626111164670266
1-6-14,18,labelfree_tail_only|mlp8|seed2,0.7843653972545795,0.6613819332721728
1-6-14,18,labelfree_no_hazard|mlp8|seed0,0.9535336294538366,0.9046232377533036
1-6-14,18,labelfree_no_hazard|mlp8|seed1,0.9335187585391546,0.8810401333136078
1-6-14,18,labelfree_no_hazard|mlp8|seed2,0.9411270385170641,0.8859950721481648
1-6-14,18,labelfree_full|mlp8|seed0,0.9027483751868467,0.8669315357823308
1-6-14,18,labelfree_full|mlp8|seed1,0.9240894718478634,0.9023389613256474
1-6-14,18,labelfree_full|mlp8|seed2,0.931341582262807,0.9372983590863957
bounded-Pareto,0,empirical_gittins,0.38749238823004334,1.0
bounded-Pareto,0,fcfs,,
bounded-Pareto,0,mean_excess,-0.05931315855184467,0.7815263960735653
bounded-Pareto,0,imitation_tail_only,0.6043205536300512,0.8880993507576127
bounded-Pareto,0,imitation_no_hazard,0.45398751976053464,0.9838787686837954
bounded-Pareto,0,imitation_full,0.3889992859458941,0.9942330666161696
bounded-Pareto,0,labelfree_tail_only|linear|seed0,-0.10272175009479974,0.7585674275503203
bounded-Pareto,0,labelfree_tail_only|linear|seed1,-0.10273043738446487,0.7585627415954997
bounded-Pareto,0,labelfree_tail_only|linear|seed2,-0.1027227554255896,0.7585668385812121
bounded-Pareto,0,labelfree_no_hazard|linear|seed0,0.5754752061358952,0.9466205584053154
bounded-Pareto,0,labelfree_no_hazard|linear|seed1,0.5302748499544067,0.953748521703874
bounded-Pareto,0,labelfree_no_hazard|linear|seed2,0.6649029323016961,0.9194264877383324
bounded-Pareto,0,labelfree_full|linear|seed0,0.6232251689609217,0.9035907260955858
bounded-Pareto,0,labelfree_full|linear|seed1,0.5943915494659517,0.8928860241440988
bounded-Pareto,0,labelfree_full|linear|seed2,0.5489721066477745,0.9520713736592507
bounded-Pareto,0,labelfree_tail_only|mlp8|seed0,0.5179755765890566,0.8994339468453683
bounded-Pareto,0,labelfree_tail_only|mlp8|seed1,0.6094399701275155,0.8863399758812113
bounded-Pareto,0,labelfree_tail_only|mlp8|seed2,0.6873743541413398,0.7796598799740008
bounded-Pareto,0,labelfree_no_hazard|mlp8|seed0,0.7595246393131793,0.7571746989431025
bounded-Pareto,0,labelfree_no_hazard|mlp8|seed1,0.701597586133254,0.8287967089945587
bounded-Pareto,0,labelfree_no_hazard|mlp8|seed2,0.5771733465665261,0.6551787795512779
bounded-Pareto,0,labelfree_full|mlp8|seed0,0.6261489158656804,0.7499061427845043
bounded-Pareto,0,labelfree_full|mlp8|seed1,0.3945458159693797,0.6136707913629978
bounded-Pareto,0,labelfree_full|mlp8|seed2,0.5079949511001339,0.8243709702507807
bounded-Pareto,1,empirical_gittins,0.5467437364523272,1.0
bounded-Pareto,1,fcfs,,
bounded-Pareto,1,mean_excess,0.26212525741432924,0.7226364268139479
bounded-Pareto,1,imitation_tail_only,0.7975536919685531,0.7829052219683452
bounded-Pareto,1,imitation_no_hazard,0.6422861739734714,0.9646389958755041
bounded-Pareto,1,imitation_full,0.5432928063270321,0.9973216936389463
bounded-Pareto,1,labelfree_tail_only|linear|seed0,0.20543759393856276,0.7066552641873515
bounded-Pareto,1,labelfree_tail_only|linear|seed1,0.20542621365149763,0.7066520033013538
bounded-Pareto,1,labelfree_tail_only|linear|seed2,0.20543618121390628,0.7066548208554239
bounded-Pareto,1,labelfree_no_hazard|linear|seed0,0.7620098160057756,0.9002299987768031
bounded-Pareto,1,labelfree_no_hazard|linear|seed1,0.7079489986873923,0.9356216133272637
bounded-Pareto,1,labelfree_no_hazard|linear|seed2,0.8100713402361399,0.8867615381325542
bounded-Pareto,1,labelfree_full|linear|seed0,0.7378977238892693,0.9008791145867535
bounded-Pareto,1,labelfree_full|linear|seed1,0.6938089872029942,0.8877518107472384
bounded-Pareto,1,labelfree_full|linear|seed2,0.7494331131399043,0.9163733345683764
bounded-Pareto,1,labelfree_tail_only|mlp8|seed0,0.7342648803227521,0.7847257339519337
bounded-Pareto,1,labelfree_tail_only|mlp8|seed1,0.8041361479486961,0.7744012484841415
bounded-Pareto,1,labelfree_tail_only|mlp8|seed2,0.7979261287179594,0.7593184775942007
bounded-Pareto,1,labelfree_no_hazard|mlp8|seed0,0.8194263177711467,0.7276391907688303
bounded-Pareto,1,labelfree_no_hazard|mlp8|seed1,0.7320751861270345,0.8033411042973699
bounded-Pareto,1,labelfree_no_hazard|mlp8|seed2,0.6600590012320965,0.5989179530083925
bounded-Pareto,1,labelfree_full|mlp8|seed0,0.6463774189856959,0.7594647198772819
bounded-Pareto,1,labelfree_full|mlp8|seed1,0.5610504379697996,0.6917065959170772
bounded-Pareto,1,labelfree_full|mlp8|seed2,0.7165381718795936,0.8083837394711499
bounded-Pareto,2,empirical_gittins,0.5664757926093942,1.0
bounded-Pareto,2,fcfs,,
bounded-Pareto,2,mean_excess,0.6534810241174135,0.6874648993274238
bounded-Pareto,2,imitation_tail_only,0.8913038161374109,0.8126514896433146
bounded-Pareto,2,imitation_no_hazard,0.6482687572270792,0.971157752192786
bounded-Pareto,2,imitation_full,0.5531452661041524,0.9968018709194125
bounded-Pareto,2,labelfree_tail_only|linear|seed0,0.6189601753725287,0.671078989042071
bounded-Pareto,2,labelfree_tail_only|linear|seed1,0.6189534819507874,0.6710756432431332
bounded-Pareto,2,labelfree_tail_only|linear|seed2,0.6189594624379999,0.6710786662849422
bounded-Pareto,2,labelfree_no_hazard|linear|seed0,0.7237264108154408,0.9271353627435662
bounded-Pareto,2,labelfree_no_hazard|linear|seed1,0.7600768394877321,0.9113235105604003
bounded-Pareto,2,labelfree_no_hazard|linear|seed2,0.7244100746186868,0.9118963373465174
bounded-Pareto,2,labelfree_full|linear|seed0,0.7703160364631092,0.8968305570441473
bounded-Pareto,2,labelfree_full|linear|seed1,0.7801148615775063,0.874112348120147
bounded-Pareto,2,labelfree_full|linear|seed2,0.7741767739595209,0.9076675538603612
bounded-Pareto,2,labelfree_tail_only|mlp8|seed0,0.8822438153997083,0.8136634340888576
bounded-Pareto,2,labelfree_tail_only|mlp8|seed1,0.8902568583517463,0.8141664122864639
bounded-Pareto,2,labelfree_tail_only|mlp8|seed2,0.6900322604822005,0.7041670966582849
bounded-Pareto,2,labelfree_no_hazard|mlp8|seed0,0.7483491156714349,0.735349119725844
bounded-Pareto,2,labelfree_no_hazard|mlp8|seed1,0.6485561719119556,0.8577403134593182
bounded-Pareto,2,labelfree_no_hazard|mlp8|seed2,0.5303915614384083,0.27537457149457834
bounded-Pareto,2,labelfree_full|mlp8|seed0,0.6812034110956268,0.7177080165010444
bounded-Pareto,2,labelfree_full|mlp8|seed1,0.6276160660234562,0.3003670684292542
bounded-Pareto,2,labelfree_full|mlp8|seed2,0.6188502192275008,0.8436667299977113
bounded-Pareto,3,empirical_gittins,0.8801841123243739,1.0
bounded-Pareto,3,fcfs,,
bounded-Pareto,3,mean_excess,0.8426956494795093,0.8143245457265558
bounded-Pareto,3,imitation_tail_only,0.8822481961564492,0.9032375441337606
bounded-Pareto,3,imitation_no_hazard,0.8839287479816164,0.9985185017523645
bounded-Pareto,3,imitation_full,0.8805806270829688,0.9997288974892837
bounded-Pareto,3,labelfree_tail_only|linear|seed0,0.8379715078466206,0.8078560752927078
bounded-Pareto,3,labelfree_tail_only|linear|seed1,0.8379705965503164,0.8078548405818204
bounded-Pareto,3,labelfree_tail_only|linear|seed2,0.8379714060582728,0.8078559363147784
bounded-Pareto,3,labelfree_no_hazard|linear|seed0,0.9033649443156767,0.9853276928812246
bounded-Pareto,3,labelfree_no_hazard|linear|seed1,0.8958917500673107,0.9650742669805693
bounded-Pareto,3,labelfree_no_hazard|linear|seed2,0.8884819697530807,0.9835389025418687
bounded-Pareto,3,labelfree_full|linear|seed0,0.873439209306971,0.9492377576181392
bounded-Pareto,3,labelfree_full|linear|seed1,0.8503719642126076,0.9241691548656008
bounded-Pareto,3,labelfree_full|linear|seed2,0.9017467543360922,0.9674434011120403
bounded-Pareto,3,labelfree_tail_only|mlp8|seed0,0.8918456961322478,0.9019190133751014
bounded-Pareto,3,labelfree_tail_only|mlp8|seed1,0.8925690411906215,0.9142432623352176
bounded-Pareto,3,labelfree_tail_only|mlp8|seed2,0.5055000715065,0.7216151426311882
bounded-Pareto,3,labelfree_no_hazard|mlp8|seed0,0.7774057719243344,0.9127595098625874
bounded-Pareto,3,labelfree_no_hazard|mlp8|seed1,0.813205506842086,0.9534406025308259
bounded-Pareto,3,labelfree_no_hazard|mlp8|seed2,0.3042480246596919,0.2862931147968718
bounded-Pareto,3,labelfree_full|mlp8|seed0,0.6918306317153775,0.7427885329295663
bounded-Pareto,3,labelfree_full|mlp8|seed1,0.19662754405232466,0.28190801996205905
bounded-Pareto,3,labelfree_full|mlp8|seed2,0.848970195246167,0.9746299446393243
bounded-Pareto,4,empirical_gittins,0.27540485764920597,1.0
bounded-Pareto,4,fcfs,,
bounded-Pareto,4,mean_excess,-0.2804263006470744,0.63080152514361
bounded-Pareto,4,imitation_tail_only,0.39049420345041425,0.8345738959133783
bounded-Pareto,4,imitation_no_hazard,0.3690482576860761,0.9650047474063954
bounded-Pareto,4,imitation_full,0.28245657525258866,0.9971126414327562
bounded-Pareto,4,labelfree_tail_only|linear|seed0,-0.3094596890362915,0.6112485041304812
bounded-Pareto,4,labelfree_tail_only|linear|seed1,-0.309465076322334,0.6112447586163948
bounded-Pareto,4,labelfree_tail_only|linear|seed2,-0.3094603549998987,0.6112480776439947
bounded-Pareto,4,labelfree_no_hazard|linear|seed0,0.4756334216040068,0.9179786433127519
bounded-Pareto,4,labelfree_no_hazard|linear|seed1,0.40163869155020854,0.9236940846078296
bounded-Pareto,4,labelfree_no_hazard|linear|seed2,0.5201700106866338,0.9019649616345754
bounded-Pareto,4,labelfree_full|linear|seed0,0.4400747335098115,0.9042917159346091
bounded-Pareto,4,labelfree_full|linear|seed1,0.43544547135315814,0.8936273965060944
bounded-Pareto,4,labelfree_full|linear|seed2,0.42044253504881846,0.9213850500320329
bounded-Pareto,4,labelfree_tail_only|mlp8|seed0,0.3602010697810287,0.8364081895211496
bounded-Pareto,4,labelfree_tail_only|mlp8|seed1,0.4652227335156246,0.8317940473024358
bounded-Pareto,4,labelfree_tail_only|mlp8|seed2,0.7479738552062644,0.6455450166822183
bounded-Pareto,4,labelfree_no_hazard|mlp8|seed0,0.6923659356781806,0.7662511094760199
bounded-Pareto,4,labelfree_no_hazard|mlp8|seed1,0.6090642163503437,0.8395665997087951
bounded-Pareto,4,labelfree_no_hazard|mlp8|seed2,0.35131293554248527,0.4700422511022704
bounded-Pareto,4,labelfree_full|mlp8|seed0,0.07717216774634912,0.755867694218758
bounded-Pareto,4,labelfree_full|mlp8|seed1,0.11975231005790367,0.5855179603944562
bounded-Pareto,4,labelfree_full|mlp8|seed2,0.6272529976223309,0.7520993286363946
bounded-Pareto,6,empirical_gittins,0.34022609436255014,1.0
bounded-Pareto,6,fcfs,,
bounded-Pareto,6,mean_excess,-0.15588105600747212,0.6772317775788521
bounded-Pareto,6,imitation_tail_only,0.2598997972719887,0.8314129435314817
bounded-Pareto,6,imitation_no_hazard,0.400603545897744,0.9713978662182906
bounded-Pareto,6,imitation_full,0.31730704208125793,0.9962334629758822
bounded-Pareto,6,labelfree_tail_only|linear|seed0,-0.18289185167519215,0.6628753348303551
bounded-Pareto,6,labelfree_tail_only|linear|seed1,-0.18289687149819558,0.662872673303303
bounded-Pareto,6,labelfree_tail_only|linear|seed2,-0.18289248954176496,0.6628750425523419
bounded-Pareto,6,labelfree_no_hazard|linear|seed0,0.4490704618314751,0.9394019025472973
bounded-Pareto,6,labelfree_no_hazard|linear|seed1,0.4254875765865505,0.9247789825269019
bounded-Pareto,6,labelfree_no_hazard|linear|seed2,0.5051636226647033,0.9261013579221676
bounded-Pareto,6,labelfree_full|linear|seed0,0.4780710974198567,0.9136527970478373
bounded-Pareto,6,labelfree_full|linear|seed1,0.4814745031936748,0.8984593406243782
bounded-Pareto,6,labelfree_full|linear|seed2,0.435879549838992,0.9207474816402869
bounded-Pareto,6,labelfree_tail_only|mlp8|seed0,0.2526303505900509,0.83021457341704
bounded-Pareto,6,labelfree_tail_only|mlp8|seed1,0.3264502889423921,0.8388058483775053
bounded-Pareto,6,labelfree_tail_only|mlp8|seed2,0.5304991613738873,0.8257433186318246
bounded-Pareto,6,labelfree_no_hazard|mlp8|seed0,0.6270124331381431,0.8473359819756013
bounded-Pareto,6,labelfree_no_hazard|mlp8|seed1,0.588659599634418,0.9020513166060862
bounded-Pareto,6,labelfree_no_hazard|mlp8|seed2,0.2984084828678405,0.35211574847415417
bounded-Pareto,6,labelfree_full|mlp8|seed0,0.4162944592696414,0.8278542488780521
bounded-Pareto,6,labelfree_full|mlp8|seed1,0.5231703298178672,0.5250973142184574
bounded-Pareto,6,labelfree_full|mlp8|seed2,0.5673564453760297,0.8903198785350758
bounded-Pareto,5,empirical_gittins,0.4160904614685745,1.0
bounded-Pareto,5,fcfs,,
bounded-Pareto,5,mean_excess,0.6796713966302921,0.7870864960753231
bounded-Pareto,5,imitation_tail_only,0.6472454991696387,0.857743107439718
bounded-Pareto,5,imitation_no_hazard,0.47175529741576044,0.9734425876920899
bounded-Pareto,5,imitation_full,0.40780436087600525,0.9944190596809793
bounded-Pareto,5,labelfree_tail_only|linear|seed0,0.6593133192172942,0.7713222538249106
bounded-Pareto,5,labelfree_tail_only|linear|seed1,0.65930925091962,0.7713190619153939
bounded-Pareto,5,labelfree_tail_only|linear|seed2,0.6593128372965387,0.7713219614722281
bounded-Pareto,5,labelfree_no_hazard|linear|seed0,0.5447727712105134,0.9320346779141461
bounded-Pareto,5,labelfree_no_hazard|linear|seed1,0.45949949421540087,0.9552213314970828
bounded-Pareto,5,labelfree_no_hazard|linear|seed2,0.4117812453320201,0.9212122775890447
bounded-Pareto,5,labelfree_full|linear|seed0,0.29857722049202456,0.9272010442754682
bounded-Pareto,5,labelfree_full|linear|seed1,0.2570776526252368,0.922196043834771
bounded-Pareto,5,labelfree_full|linear|seed2,0.49472721788566937,0.9478325653943133
bounded-Pareto,5,labelfree_tail_only|mlp8|seed0,0.6932644794211466,0.8586644843533047
bounded-Pareto,5,labelfree_tail_only|mlp8|seed1,0.6587225314676607,0.8558074869858658
bounded-Pareto,5,labelfree_tail_only|mlp8|seed2,0.5299038527030311,0.8119264038685686
bounded-Pareto,5,labelfree_no_hazard|mlp8|seed0,0.20334005856456908,0.8260040247158217
bounded-Pareto,5,labelfree_no_hazard|mlp8|seed1,0.12504601564075837,0.8492721328823092
bounded-Pareto,5,labelfree_no_hazard|mlp8|seed2,0.702031099821061,0.5972741701916484
bounded-Pareto,5,labelfree_full|mlp8|seed0,0.033612315201602974,0.8285150396221584
bounded-Pareto,5,labelfree_full|mlp8|seed1,0.06952042584755433,0.7616036857182631
bounded-Pareto,5,labelfree_full|mlp8|seed2,-0.020131037790455948,0.5841159523507173
bounded-Pareto,7,empirical_gittins,0.6753649514582303,1.0
bounded-Pareto,7,fcfs,,
bounded-Pareto,7,mean_excess,0.5433466460568799,0.8807427506578487
bounded-Pareto,7,imitation_tail_only,0.6391688936201733,0.9460611689587322
bounded-Pareto,7,imitation_no_hazard,0.681446169768496,0.9972755775640344
bounded-Pareto,7,imitation_full,0.6766926162394569,0.999778655523934
bounded-Pareto,7,labelfree_tail_only|linear|seed0,0.5359532475788168,0.8756456096837734
bounded-Pareto,7,labelfree_tail_only|linear|seed1,0.5359518310599445,0.8756446310925288
bounded-Pareto,7,labelfree_tail_only|linear|seed2,0.5359530884144635,0.8756455012094745
bounded-Pareto,7,labelfree_no_hazard|linear|seed0,0.6825376175604916,0.9892086362005396
bounded-Pareto,7,labelfree_no_hazard|linear|seed1,0.6699638084992132,0.9829585096621919
bounded-Pareto,7,labelfree_no_hazard|linear|seed2,0.678941356757494,0.9859597035594586
bounded-Pareto,7,labelfree_full|linear|seed0,0.657925382972024,0.9749218415031892
bounded-Pareto,7,labelfree_full|linear|seed1,0.6457272173863876,0.9678578850928002
bounded-Pareto,7,labelfree_full|linear|seed2,0.6756941671798684,0.9823130408583305
bounded-Pareto,7,labelfree_tail_only|mlp8|seed0,0.6394991424327966,0.9439492398828595
bounded-Pareto,7,labelfree_tail_only|mlp8|seed1,0.6482218919649919,0.9503852108192095
bounded-Pareto,7,labelfree_tail_only|mlp8|seed2,0.4766755082724979,0.7908271959420619
bounded-Pareto,7,labelfree_no_hazard|mlp8|seed0,0.6040818705257054,0.9451334659826542
bounded-Pareto,7,labelfree_no_hazard|mlp8|seed1,0.6424899559384016,0.9693222828166715
bounded-Pareto,7,labelfree_no_hazard|mlp8|seed2,0.2171808599133501,0.539027537241072
bounded-Pareto,7,labelfree_full|mlp8|seed0,0.5718821854556455,0.8942993609436583
bounded-Pareto,7,labelfree_full|mlp8|seed1,0.18804351248350584,0.5548721297239384
bounded-Pareto,7,labelfree_full|mlp8|seed2,0.6688958310006451,0.9784640657497112
bounded-Pareto,8,empirical_gittins,0.7705432916492801,1.0
bounded-Pareto,8,fcfs,,
bounded-Pareto,8,mean_excess,0.695213581250324,0.8302581236630477
bounded-Pareto,8,imitation_tail_only,0.9025536353378433,0.926566948269253
bounded-Pareto,8,imitation_no_hazard,0.7914750487255026,0.9953439950670235
bounded-Pareto,8,imitation_full,0.773460680813464,0.9990099074307277
bounded-Pareto,8,labelfree_tail_only|linear|seed0,0.676093677138634,0.8182757024743255
bounded-Pareto,8,labelfree_tail_only|linear|seed1,0.6760900028193926,0.8182734113051087
bounded-Pareto,8,labelfree_tail_only|linear|seed2,0.6760932665814366,0.818275453570717
bounded-Pareto,8,labelfree_no_hazard|linear|seed0,0.8601219065216267,0.9755104711136254
bounded-Pareto,8,labelfree_no_hazard|linear|seed1,0.8214162093519863,0.9827952910356982
bounded-Pareto,8,labelfree_no_hazard|linear|seed2,0.8485265587703791,0.9596148182890886
bounded-Pareto,8,labelfree_full|linear|seed0,0.8066422148219679,0.9542590833231491
bounded-Pareto,8,labelfree_full|linear|seed1,0.7859615891472704,0.9528333583150744
bounded-Pareto,8,labelfree_full|linear|seed2,0.8397801213969706,0.9793333177846696
bounded-Pareto,8,labelfree_tail_only|mlp8|seed0,0.8888703295456102,0.9186969096961872
bounded-Pareto,8,labelfree_tail_only|mlp8|seed1,0.9083461560510332,0.9224766427803587
bounded-Pareto,8,labelfree_tail_only|mlp8|seed2,0.9282756448800805,0.8870926310934972
bounded-Pareto,8,labelfree_no_hazard|mlp8|seed0,0.7726905960743596,0.8816883936563067
bounded-Pareto,8,labelfree_no_hazard|mlp8|seed1,0.773855393666312,0.9009966983467117
bounded-Pareto,8,labelfree_no_hazard|mlp8|seed2,0.8052638286450781,0.5611250627628974
bounded-Pareto,8,labelfree_full|mlp8|seed0,0.785156864185978,0.8918884491613118
bounded-Pareto,8,labelfree_full|mlp8|seed1,0.7107824103909748,0.8438817921290084
bounded-Pareto,8,labelfree_full|mlp8|seed2,0.2935676962670765,0.524218674763284
bounded-Pareto,9,empirical_gittins,0.44288710700126155,1.0
bounded-Pareto,9,fcfs,,
bounded-Pareto,9,mean_excess,0.17190494491041824,0.6006546865125456
bounded-Pareto,9,imitation_tail_only,0.716110405239078,0.7246963281797038
bounded-Pareto,9,imitation_no_hazard,0.575204321456208,0.9436712194225056
bounded-Pareto,9,imitation_full,0.45828519780863297,0.9916886465597576
bounded-Pareto,9,labelfree_tail_only|linear|seed0,0.13233172727834175,0.572435569632336
bounded-Pareto,9,labelfree_tail_only|linear|seed1,0.13232420127301633,0.5724302303780934
bounded-Pareto,9,labelfree_tail_only|linear|seed2,0.1323308246116343,0.5724349184159194
bounded-Pareto,9,labelfree_no_hazard|linear|seed0,0.557777387433883,0.870195274088097
bounded-Pareto,9,labelfree_no_hazard|linear|seed1,0.5181141628654589,0.8785907504629309
bounded-Pareto,9,labelfree_no_hazard|linear|seed2,0.47406025322211337,0.8476229241360274
bounded-Pareto,9,labelfree_full|linear|seed0,0.42362159469465344,0.8120990130315413
bounded-Pareto,9,labelfree_full|linear|seed1,0.4293051331066804,0.7574246382453413
bounded-Pareto,9,labelfree_full|linear|seed2,0.5330140141586893,0.8932238312404731
bounded-Pareto,9,labelfree_tail_only|mlp8|seed0,0.7299579519356294,0.7784154609741825
bounded-Pareto,9,labelfree_tail_only|mlp8|seed1,0.738819557011666,0.7069496155414587
bounded-Pareto,9,labelfree_tail_only|mlp8|seed2,0.6259754620290947,0.41313810521774486
bounded-Pareto,9,labelfree_no_hazard|mlp8|seed0,0.4119606965557236,0.5511872772173271
bounded-Pareto,9,labelfree_no_hazard|mlp8|seed1,0.3017763833548029,0.6960559825654212
bounded-Pareto,9,labelfree_no_hazard|mlp8|seed2,0.47615061095419264,0.2697016047070425
bounded-Pareto,9,labelfree_full|mlp8|seed0,0.03741173660341445,0.5946964234503863
bounded-Pareto,9,labelfree_full|mlp8|seed1,0.5032285561156873,0.3912570456524977
bounded-Pareto,9,labelfree_full|mlp8|seed2,0.6631964291816644,0.6584201658201657
bounded-Pareto,10,empirical_gittins,0.47129211981614444,1.0
bounded-Pareto,10,fcfs,,
bounded-Pareto,10,mean_excess,0.20314130548962836,0.6059670928513721
bounded-Pareto,10,imitation_tail_only,0.5667748646786068,0.8129776701307562
bounded-Pareto,10,imitation_no_hazard,0.5702013963360129,0.9656015773575831
bounded-Pareto,10,imitation_full,0.4966921618258708,0.9941278904535774
bounded-Pareto,10,labelfree_tail_only|linear|seed0,0.16802911635398154,0.5813265032927669
bounded-Pareto,10,labelfree_tail_only|linear|seed1,0.16802269599718495,0.5813219777360852
bounded-Pareto,10,labelfree_tail_only|linear|seed2,0.16802845027353128,0.5813259959024698
bounded-Pareto,10,labelfree_no_hazard|linear|seed0,0.5729264547200339,0.9268611865673393
bounded-Pareto,10,labelfree_no_hazard|linear|seed1,0.5547417983517265,0.9297050511417561
bounded-Pareto,10,labelfree_no_hazard|linear|seed2,0.4966948395234386,0.8930652242060336
bounded-Pareto,10,labelfree_full|linear|seed0,0.48249534349580103,0.8679494371553
bounded-Pareto,10,labelfree_full|linear|seed1,0.5135757468197852,0.84379993832971
bounded-Pareto,10,labelfree_full|linear|seed2,0.5528069128368549,0.9340880583791261
bounded-Pareto,10,labelfree_tail_only|mlp8|seed0,0.590548981136825,0.8432627504228066
bounded-Pareto,10,labelfree_tail_only|mlp8|seed1,0.602356581735682,0.8107841680431647
bounded-Pareto,10,labelfree_tail_only|mlp8|seed2,0.6137239291495633,0.44254295619526646
bounded-Pareto,10,labelfree_no_hazard|mlp8|seed0,0.4597636940903025,0.6318349306825305
bounded-Pareto,10,labelfree_no_hazard|mlp8|seed1,0.43073308564719454,0.7620626722651138
bounded-Pareto,10,labelfree_no_hazard|mlp8|seed2,0.45328517675647273,0.23289230473293834
bounded-Pareto,10,labelfree_full|mlp8|seed0,0.284452479297943,0.6881340952034518
bounded-Pareto,10,labelfree_full|mlp8|seed1,0.3866016598715168,0.4061252236307332
bounded-Pareto,10,labelfree_full|mlp8|seed2,0.5575044124557347,0.6765181979845933
bounded-Pareto,11,empirical_gittins,0.6894592387129572,1.0
bounded-Pareto,11,fcfs,,
bounded-Pareto,11,mean_excess,0.7830320664562765,0.7762080411963589
bounded-Pareto,11,imitation_tail_only,0.7737608012855987,0.9087133712140184
bounded-Pareto,11,imitation_no_hazard,0.71182318782008,0.9913534518143953
bounded-Pareto,11,imitation_full,0.6876050594013263,0.9994715708701841
bounded-Pareto,11,labelfree_tail_only|linear|seed0,0.7743046866448726,0.7601830716173219
bounded-Pareto,11,labelfree_tail_only|linear|seed1,0.7743029169223563,0.7601799483888034
bounded-Pareto,11,labelfree_tail_only|linear|seed2,0.7743044790755217,0.7601826909237139
bounded-Pareto,11,labelfree_no_hazard|linear|seed0,0.7433954444482737,0.9612227346060656
bounded-Pareto,11,labelfree_no_hazard|linear|seed1,0.6580815220094961,0.9432701753109551
bounded-Pareto,11,labelfree_no_hazard|linear|seed2,0.6363207484854577,0.9232063768777165
bounded-Pareto,11,labelfree_full|linear|seed0,0.5076056024425626,0.863595322425877
bounded-Pareto,11,labelfree_full|linear|seed1,0.4383020201784595,0.8281717692594973
bounded-Pareto,11,labelfree_full|linear|seed2,0.7048384875859878,0.9489874486878148
bounded-Pareto,11,labelfree_tail_only|mlp8|seed0,0.8140939566711752,0.9062580301126307
bounded-Pareto,11,labelfree_tail_only|mlp8|seed1,0.7890000823529437,0.9078000926915694
bounded-Pareto,11,labelfree_tail_only|mlp8|seed2,0.5027587381006724,0.7570118660342744
bounded-Pareto,11,labelfree_no_hazard|mlp8|seed0,0.23618304024896158,0.6388369220820191
bounded-Pareto,11,labelfree_no_hazard|mlp8|seed1,0.3142522728363335,0.7247494436829433
bounded-Pareto,11,labelfree_no_hazard|mlp8|seed2,0.8371558149373503,0.4615985993927875
bounded-Pareto,11,labelfree_full|mlp8|seed0,0.1743185927784224,0.5790853682529572
bounded-Pareto,11,labelfree_full|mlp8|seed1,-0.16644636181178332,0.20903512576466662
bounded-Pareto,11,labelfree_full|mlp8|seed2,0.5251556568721354,0.7763367472156107
bounded-Pareto,12,empirical_gittins,0.4300747307518771,1.0
bounded-Pareto,12,fcfs,,
bounded-Pareto,12,mean_excess,-0.0048134023555095025,0.6925035128165651
bounded-Pareto,12,imitation_tail_only,0.5527209818455652,0.8921415318569311
bounded-Pareto,12,imitation_no_hazard,0.44379832350300197,0.9888492719148795
bounded-Pareto,12,imitation_full,0.4299079009481807,0.9991074856177725
bounded-Pareto,12,labelfree_tail_only|linear|seed0,-0.039544154020954306,0.6713924338916937
bounded-Pareto,12,labelfree_tail_only|linear|seed1,-0.03955052257803481,0.6713884517617336
bounded-Pareto,12,labelfree_tail_only|linear|seed2,-0.03954481669911463,0.671391996003883
bounded-Pareto,12,labelfree_no_hazard|linear|seed0,0.5723125766197726,0.9546428584228543
bounded-Pareto,12,labelfree_no_hazard|linear|seed1,0.47843538864752594,0.9377470929859233
bounded-Pareto,12,labelfree_no_hazard|linear|seed2,0.5748168723405364,0.924404555764335
bounded-Pareto,12,labelfree_full|linear|seed0,0.47637998351468236,0.8583565653493338
bounded-Pareto,12,labelfree_full|linear|seed1,0.4345683688529361,0.8189018981480698
bounded-Pareto,12,labelfree_full|linear|seed2,0.515626634708521,0.942858322803363
bounded-Pareto,12,labelfree_tail_only|mlp8|seed0,0.48677721185679973,0.8932362161493049
bounded-Pareto,12,labelfree_tail_only|mlp8|seed1,0.5614152838454567,0.8928420243101108
bounded-Pareto,12,labelfree_tail_only|mlp8|seed2,0.7225911674628307,0.7439924847344214
bounded-Pareto,12,labelfree_no_hazard|mlp8|seed0,0.469450823423069,0.6011186754428186
bounded-Pareto,12,labelfree_no_hazard|mlp8|seed1,0.5029727710149701,0.723213549207595
bounded-Pareto,12,labelfree_no_hazard|mlp8|seed2,0.5874551430154015,0.4281970564900489
bounded-Pareto,12,labelfree_full|mlp8|seed0,0.3206877028095587,0.5014655356730381
bounded-Pareto,12,labelfree_full|mlp8|seed1,-0.06683226997254725,0.16979334532790746
bounded-Pareto,12,labelfree_full|mlp8|seed2,0.47610505230037453,0.8821365191864241
bounded-Pareto,13,empirical_gittins,0.18737141260429746,1.0
bounded-Pareto,13,fcfs,,
bounded-Pareto,13,mean_excess,-0.3575086483336226,0.6598671308137501
bounded-Pareto,13,imitation_tail_only,-0.054997503231795974,0.8182831535199097
bounded-Pareto,13,imitation_no_hazard,0.2306928729772196,0.9903111979110318
bounded-Pareto,13,imitation_full,0.18280239280864977,0.9987889012981754
bounded-Pareto,13,labelfree_tail_only|linear|seed0,-0.3734782545556131,0.6485752384091088
bounded-Pareto,13,labelfree_tail_only|linear|seed1,-0.3734813325305257,0.6485731130063601
bounded-Pareto,13,labelfree_tail_only|linear|seed2,-0.37347864351899523,0.6485750039227991
bounded-Pareto,13,labelfree_no_hazard|linear|seed0,0.17711358043937206,0.9560758292249736
bounded-Pareto,13,labelfree_no_hazard|linear|seed1,0.14918136669212198,0.947223737335765
bounded-Pareto,13,labelfree_no_hazard|linear|seed2,0.21729778149557635,0.9460699974068578
bounded-Pareto,13,labelfree_full|linear|seed0,0.19819284957627373,0.9387270020373878
bounded-Pareto,13,labelfree_full|linear|seed1,0.24896049259823422,0.9461519862589323
bounded-Pareto,13,labelfree_full|linear|seed2,0.13580885721853803,0.9395408674966198
bounded-Pareto,13,labelfree_tail_only|mlp8|seed0,-0.06816431229336756,0.813584257891936
bounded-Pareto,13,labelfree_tail_only|mlp8|seed1,-0.0070487487852183344,0.8343688054200199
bounded-Pareto,13,labelfree_tail_only|mlp8|seed2,0.583850174492718,0.7184239194158513
bounded-Pareto,13,labelfree_no_hazard|mlp8|seed0,0.44716860590642604,0.89546046617879
bounded-Pareto,13,labelfree_no_hazard|mlp8|seed1,0.4108806080249793,0.9143537113477268
bounded-Pareto,13,labelfree_no_hazard|mlp8|seed2,0.30975143986357045,0.04980806905338234
bounded-Pareto,13,labelfree_full|mlp8|seed0,0.12683987307057043,0.820800130017432
bounded-Pareto,13,labelfree_full|mlp8|seed1,0.43755305712329323,0.4369290388787816
bounded-Pareto,13,labelfree_full|mlp8|seed2,0.39139071255680863,0.8758292822559883
bounded-Pareto,14,empirical_gittins,0.15038052032076576,0.9999999999999998
bounded-Pareto,14,fcfs,,
bounded-Pareto,14,mean_excess,-0.3300573104611138,0.6186924020982291
bounded-Pareto,14,imitation_tail_only,0.2900975742754293,0.7442267149301285
bounded-Pareto,14,imitation_no_hazard,0.2790950049171172,0.9357919435863997
bounded-Pareto,14,imitation_full,0.1586180823377181,0.9968188243244076
bounded-Pareto,14,labelfree_tail_only|linear|seed0,-0.36861503195593975,0.5968678704865513
bounded-Pareto,14,labelfree_tail_only|linear|seed1,-0.36862261707311783,0.5968633726778999
bounded-Pareto,14,labelfree_tail_only|linear|seed2,-0.3686161385476595,0.596867161137365
bounded-Pareto,14,labelfree_no_hazard|linear|seed0,0.33657361984423184,0.8948517623551552
bounded-Pareto,14,labelfree_no_hazard|linear|seed1,0.2257204618529008,0.8896151965325045
bounded-Pareto,14,labelfree_no_hazard|linear|seed2,0.37106309474147386,0.8752140397597803
bounded-Pareto,14,labelfree_full|linear|seed0,0.2654696391014405,0.8631370723479895
bounded-Pareto,14,labelfree_full|linear|seed1,0.2424696119592609,0.857010830986848
bounded-Pareto,14,labelfree_full|linear|seed2,0.23673269393359203,0.8849135649118332
bounded-Pareto,14,labelfree_tail_only|mlp8|seed0,0.18634111967325248,0.764573719461602
bounded-Pareto,14,labelfree_tail_only|mlp8|seed1,0.41188551127513573,0.7301024767904227
bounded-Pareto,14,labelfree_tail_only|mlp8|seed2,0.2591665564012826,0.7390601139393623
bounded-Pareto,14,labelfree_no_hazard|mlp8|seed0,0.6124937928567387,0.6923521407803296
bounded-Pareto,14,labelfree_no_hazard|mlp8|seed1,0.4499852617439337,0.829325814836935
bounded-Pareto,14,labelfree_no_hazard|mlp8|seed2,0.2916686416771694,0.6283463384803769
bounded-Pareto,14,labelfree_full|mlp8|seed0,-0.010052892510975573,0.6893619579029553
bounded-Pareto,14,labelfree_full|mlp8|seed1,0.03264106761748689,0.5380085807892145
bounded-Pareto,14,labelfree_full|mlp8|seed2,0.5717189336624283,0.8054667553416608
bounded-Pareto,15,empirical_gittins,0.2210505173990939,1.0
bounded-Pareto,15,fcfs,,
bounded-Pareto,15,mean_excess,-0.31287470875845264,0.628693875818394
bounded-Pareto,15,imitation_tail_only,0.33820524835691956,0.7973699897344753
bounded-Pareto,15,imitation_no_hazard,0.30725654956627374,0.9726878867207854
bounded-Pareto,15,imitation_full,0.19739027727389383,0.9969370599058012
bounded-Pareto,15,labelfree_tail_only|linear|seed0,-0.3385746304767809,0.6102811511356077
bounded-Pareto,15,labelfree_tail_only|linear|seed1,-0.3385796693804801,0.6102776045675061
bounded-Pareto,15,labelfree_tail_only|linear|seed2,-0.33857529539995906,0.6102807430486786
bounded-Pareto,15,labelfree_no_hazard|linear|seed0,0.29119393198967236,0.9372268333578273
bounded-Pareto,15,labelfree_no_hazard|linear|seed1,0.15540466824919041,0.9271133745003227
bounded-Pareto,15,labelfree_no_hazard|linear|seed2,0.25855574679444704,0.9088865998857104
bounded-Pareto,15,labelfree_full|linear|seed0,0.10794339127479317,0.8750228202341173
bounded-Pareto,15,labelfree_full|linear|seed1,0.0802112016899336,0.8630120154585557
bounded-Pareto,15,labelfree_full|linear|seed2,0.16710618037334465,0.9282185545151302
bounded-Pareto,15,labelfree_tail_only|mlp8|seed0,0.27811557918718094,0.8316421320093026
bounded-Pareto,15,labelfree_tail_only|mlp8|seed1,0.40206893635083624,0.8001473270531491
bounded-Pareto,15,labelfree_tail_only|mlp8|seed2,0.7760573030674323,0.43379024629343765
bounded-Pareto,15,labelfree_no_hazard|mlp8|seed0,0.28388969210954645,0.693122185067879
bounded-Pareto,15,labelfree_no_hazard|mlp8|seed1,0.2097335141018961,0.810181951805496
bounded-Pareto,15,labelfree_no_hazard|mlp8|seed2,0.48975276952113367,0.23567233969549248
bounded-Pareto,15,labelfree_full|mlp8|seed0,-0.17796699989614106,0.6572384827781166
bounded-Pareto,15,labelfree_full|mlp8|seed1,0.17866121633317328,0.5123516545245917
bounded-Pareto,15,labelfree_full|mlp8|seed2,0.5255284089977392,0.8171189607347303
bounded-Pareto,16,empirical_gittins,0.3471677700072179,1.0
bounded-Pareto,16,fcfs,,
bounded-Pareto,16,mean_excess,-0.01968120065322183,0.7777010173833804
bounded-Pareto,16,imitation_tail_only,0.6778821344815653,0.8403432728540412
bounded-Pareto,16,imitation_no_hazard,0.3761393719484637,0.9891152030140429
bounded-Pareto,16,imitation_full,0.35360275102533045,0.9993354228361717
bounded-Pareto,16,labelfree_tail_only|linear|seed0,-0.0690231695386109,0.7534293520656251
bounded-Pareto,16,labelfree_tail_only|linear|seed1,-0.06903248777032839,0.753424542175047
bounded-Pareto,16,labelfree_tail_only|linear|seed2,-0.069024266892049,0.7534288124293954
bounded-Pareto,16,labelfree_no_hazard|linear|seed0,0.565601714098807,0.9478995444769993
bounded-Pareto,16,labelfree_no_hazard|linear|seed1,0.5152421419708865,0.935988051251693
bounded-Pareto,16,labelfree_no_hazard|linear|seed2,0.6297957602781972,0.9043855625388298
bounded-Pareto,16,labelfree_full|linear|seed0,0.5502023486239246,0.8599175134006168
bounded-Pareto,16,labelfree_full|linear|seed1,0.519795630387645,0.8192571337669038
bounded-Pareto,16,labelfree_full|linear|seed2,0.5473205823373786,0.9358288474482511
bounded-Pareto,16,labelfree_tail_only|mlp8|seed0,0.598437731371492,0.8596217395470453
bounded-Pareto,16,labelfree_tail_only|mlp8|seed1,0.6785439553896964,0.8406372681224052
bounded-Pareto,16,labelfree_tail_only|mlp8|seed2,0.7858710688084312,0.7242628372321012
bounded-Pareto,16,labelfree_no_hazard|mlp8|seed0,0.6414845329015799,0.6024901034931688
bounded-Pareto,16,labelfree_no_hazard|mlp8|seed1,0.6073110352269377,0.7287070817047746
bounded-Pareto,16,labelfree_no_hazard|mlp8|seed2,0.44820778774929443,0.5621596243276431
bounded-Pareto,16,labelfree_full|mlp8|seed0,0.48286329511474174,0.5165222072380066
bounded-Pareto,16,labelfree_full|mlp8|seed1,0.32915624971617147,0.30570191118249745
bounded-Pareto,16,labelfree_full|mlp8|seed2,0.37812798122048297,0.8678145244480665
bounded-Pareto,17,empirical_gittins,0.37216537640637953,1.0
bounded-Pareto,17,fcfs,,
bounded-Pareto,17,mean_excess,0.20363324287064047,0.7291400453853685
bounded-Pareto,17,imitation_tail_only,0.634164707090976,0.815066004336358
bounded-Pareto,17,imitation_no_hazard,0.45352452505364177,0.9707620287229095
bounded-Pareto,17,imitation_full,0.37441620048257296,0.9987713004630845
bounded-Pareto,17,labelfree_tail_only|linear|seed0,0.1550785608241016,0.7023544411941661
bounded-Pareto,17,labelfree_tail_only|linear|seed1,0.15506924737510808,0.7023492412046457
bounded-Pareto,17,labelfree_tail_only|linear|seed2,0.15507750891684408,0.7023538716791928
bounded-Pareto,17,labelfree_no_hazard|linear|seed0,0.5396352846403077,0.929106989436704
bounded-Pareto,17,labelfree_no_hazard|linear|seed1,0.42783858136854097,0.943346228226862
bounded-Pareto,17,labelfree_no_hazard|linear|seed2,0.4449189712577896,0.9027020602994279
bounded-Pareto,17,labelfree_full|linear|seed0,0.3306425962607632,0.892392852993502
bounded-Pareto,17,labelfree_full|linear|seed1,0.29748130111607557,0.8895160359880999
bounded-Pareto,17,labelfree_full|linear|seed2,0.4569488349965693,0.9355934880009437
bounded-Pareto,17,labelfree_tail_only|mlp8|seed0,0.6364874065170263,0.828022412538877
bounded-Pareto,17,labelfree_tail_only|mlp8|seed1,0.6647182523907736,0.8058423762778997
bounded-Pareto,17,labelfree_tail_only|mlp8|seed2,0.7745936460617768,0.6686274666682405
bounded-Pareto,17,labelfree_no_hazard|mlp8|seed0,0.3814743964248024,0.7671505489964922
bounded-Pareto,17,labelfree_no_hazard|mlp8|seed1,0.2931608920052844,0.8289273283911855
bounded-Pareto,17,labelfree_no_hazard|mlp8|seed2,0.7338009987301909,0.5179273977681216
bounded-Pareto,17,labelfree_full|mlp8|seed0,0.12922487444135472,0.8085238508317499
bounded-Pareto,17,labelfree_full|mlp8|seed1,0.17712757983103417,0.7216903081642154
bounded-Pareto,17,labelfree_full|mlp8|seed2,0.11477278257611676,0.6982965078947356
bounded-Pareto,18,empirical_gittins,0.5900550683602965,1.0
bounded-Pareto,18,fcfs,,
bounded-Pareto,18,mean_excess,0.5914712652154458,0.7916087899458242
bounded-Pareto,18,imitation_tail_only,0.81859798344819,0.9144224546023285
bounded-Pareto,18,imitation_no_hazard,0.6112074586972575,0.997068888003929
bounded-Pareto,18,imitation_full,0.5968730814467992,0.9993966258706205
bounded-Pareto,18,labelfree_tail_only|linear|seed0,0.5710303962206533,0.7747210129027237
bounded-Pareto,18,labelfree_tail_only|linear|seed1,0.5710265189928782,0.7747177203564166
bounded-Pareto,18,labelfree_tail_only|linear|seed2,0.5710299708103097,0.7747206459324865
bounded-Pareto,18,labelfree_no_hazard|linear|seed0,0.7331369830194988,0.9661541997760301
bounded-Pareto,18,labelfree_no_hazard|linear|seed1,0.6221517498869729,0.9757602091461063
bounded-Pareto,18,labelfree_no_hazard|linear|seed2,0.6545932790731048,0.9428240908281869
bounded-Pareto,18,labelfree_full|linear|seed0,0.5262086046981612,0.9254574506434966
bounded-Pareto,18,labelfree_full|linear|seed1,0.48108292976668005,0.9092831786583232
bounded-Pareto,18,labelfree_full|linear|seed2,0.6714737766834196,0.97426137698115
bounded-Pareto,18,labelfree_tail_only|mlp8|seed0,0.8236012291306137,0.9039832416568508
bounded-Pareto,18,labelfree_tail_only|mlp8|seed1,0.8352181062289281,0.9048345066920515
bounded-Pareto,18,labelfree_tail_only|mlp8|seed2,0.7500188035288082,0.8307788399856773
bounded-Pareto,18,labelfree_no_hazard|mlp8|seed0,0.40224411732304816,0.7948828582246915
bounded-Pareto,18,labelfree_no_hazard|mlp8|seed1,0.44117757900319293,0.8334924572437106
bounded-Pareto,18,labelfree_no_hazard|mlp8|seed2,0.8505052910759353,0.43898542193173423
bounded-Pareto,18,labelfree_full|mlp8|seed0,0.40854465473649487,0.7933232388008807
bounded-Pareto,18,labelfree_full|mlp8|seed1,0.20634540309988988,0.6653246198719003
bounded-Pareto,18,labelfree_full|mlp8|seed2,0.06595188153093443,0.5516793243435876
bounded-Pareto,19,empirical_gittins,0.6768268135852084,1.0
bounded-Pareto,19,fcfs,,
bounded-Pareto,19,mean_excess,0.873999372703518,0.7224559100692712
bounded-Pareto,19,imitation_tail_only,0.8385709076271425,0.8940335672267028
bounded-Pareto,19,imitation_no_hazard,0.7100069822426569,0.9865196779407925
bounded-Pareto,19,imitation_full,0.6871140116915676,0.995013085619605
bounded-Pareto,19,labelfree_tail_only|linear|seed0,0.864361377628179,0.7056535993049938
bounded-Pareto,19,labelfree_tail_only|linear|seed1,0.8643595215480618,0.7056503694390247
bounded-Pareto,19,labelfree_tail_only|linear|seed2,0.8643611733946296,0.7056532364250956
bounded-Pareto,19,labelfree_no_hazard|linear|seed0,0.7327342982661779,0.9675184778010586
bounded-Pareto,19,labelfree_no_hazard|linear|seed1,0.8122870534589479,0.9474181242476749
bounded-Pareto,19,labelfree_no_hazard|linear|seed2,0.6828546996858478,0.9518072709051584
bounded-Pareto,19,labelfree_full|linear|seed0,0.7843928236539884,0.9162077998297655
bounded-Pareto,19,labelfree_full|linear|seed1,0.8173019281479098,0.8771885486744994
bounded-Pareto,19,labelfree_full|linear|seed2,0.8065725251336783,0.9515111260778012
bounded-Pareto,19,labelfree_tail_only|mlp8|seed0,0.8823102279857994,0.8869364022700175
bounded-Pareto,19,labelfree_tail_only|mlp8|seed1,0.8338605850780694,0.8976447967879352
bounded-Pareto,19,labelfree_tail_only|mlp8|seed2,0.18807737021890317,0.5590357763447492
bounded-Pareto,19,labelfree_no_hazard|mlp8|seed0,0.5526758098615574,0.7523716205787606
bounded-Pareto,19,labelfree_no_hazard|mlp8|seed1,0.5616018134656674,0.8579602377419601
bounded-Pareto,19,labelfree_no_hazard|mlp8|seed2,0.20577900359713733,0.11246331567193825
bounded-Pareto,19,labelfree_full|mlp8|seed0,0.7088265605139993,0.6011949033131216
bounded-Pareto,19,labelfree_full|mlp8|seed1,0.6006108838979121,0.2723504096056306
bounded-Pareto,19,labelfree_full|mlp8|seed2,0.40542623407360373,0.7331979920412134
