true_gittins,mean_excess_sample,mean_excess_true,dist,trial,spearman_tail_only|linear|seed0,spearman_tail_only|linear|seed1,spearman_tail_only|linear|seed2,spearman_tail_only|mlp8|seed0
26.689561866532863,27.249046663321625,27.23101876567988,1-6-14,0,0.9986548428545695,0.9986540156434572,0.9986544936629934,0.9954347523945593
25.872645333987208,26.3658850814279,26.360562537035904,1-6-14,1,0.9994500435950667,0.9994498207198548,0.9994498207198548,0.9959644846458496
26.698544143481637,27.038626465661643,27.038954324467873,1-6-14,2,0.999811581645224,0.999811581645224,0.999811581645224,0.998201495996077
26.90493055136787,27.14524814569137,27.14340368650626,1-6-14,3,0.9998005577628285,0.9998005038238859,0.9998005577628285,0.996703090006502
27.538609110356603,28.20067729083666,28.037050222754303,1-6-14,4,0.9998384639399648,0.9998384639399648,0.9998384639399648,0.9983992891082103
28.142209375615526,28.41679791215285,28.394310025605673,1-6-14,5,0.9996111429433039,0.9996110094175983,0.9996111429433039,0.9973983708474627
26.71773872325292,27.246210657341,27.241923814039872,1-6-14,6,0.9990049096738316,0.9990049096738316,0.9990049096738316,0.9970164816976147
25.48693951796271,25.71479051742887,25.741265001878322,1-6-14,7,0.9994554050829048,0.9994553344627018,0.9994553344627018,0.9947527913275188
26.180702726848185,26.488138717995575,26.45240056039471,1-6-14,8,0.9998446432708754,0.9998446432708754,0.9998446432708754,0.9978929752799504
26.106560583218027,26.456316061213112,26.40350550381033,1-6-14,9,0.9995702868620955,0.9995701921333793,0.9995702607300359,0.9977204816601446
28.03763365848852,28.372131244457584,28.35670667060794,1-6-14,10,0.9996500435411969,0.9996499390129585,0.9996500435411969,0.9979942639818896
26.653894140648625,26.897414790478305,26.901609054078563,1-6-14,11,0.9997918955708794,0.9997917385840764,0.9997918955708794,0.9975414128602889
25.504037416518027,25.969435226282826,25.88116065872983,1-6-14,12,0.9991721016112154,0.9991718917677161,0.9991721016112154,0.996571752611665
27.50244276583382,28.03267673833043,28.024030989734655,1-6-14,13,0.9995281297452334,0.9995281297452334,0.9995281297452334,0.9971868338348473
25.429316493911646,26.11077307034316,26.187594243735536,1-6-14,14,0.9988158478936374,0.9988158478936374,0.9988158478936374,0.9942016574377228
26.298024795330807,26.679469035214854,26.691860824944182,1-6-14,15,0.9998357977641197,0.9998357243418479,0.9998357977641197,0.998463558867885
25.858150724163327,26.26815890679977,26.25569900171835,1-6-14,16,0.9987573552313264,0.9987573552313264,0.9987573552313264,0.9937542680756598
26.417922531635288,26.725145532468062,26.7600883553714,1-6-14,17,0.9990046720237662,0.9990046720237662,0.9990046720237662,0.9959076558226658
26.440995514801156,26.76818558756105,26.753301704375563,1-6-14,18,0.9994008941936664,0.9994007256494519,0.9994008941936664,0.9963275876791586
26.553950153021425,26.791673234252798,26.79046626527714,1-6-14,19,0.9993460861011314,0.9993459535254974,0.9993460861011314,0.9959120719485993
26.653107248834257,27.296816062276005,27.170681336467688,bounded-Pareto,0,0.9984917370287488,0.9984911455657065,0.9984916594362332,0.7669093445742392
25.205822230153068,25.911425965580143,25.741017130620985,bounded-Pareto,1,0.9968537222485443,0.9968524932393386,0.9968535774947561,0.7709909141239722
24.804742691775363,25.583168854590447,25.244859078136137,bounded-Pareto,2,0.998233138653541,0.9982324800804878,0.9982330666553402,0.8129191130077548
26.175980780902286,27.1860904309124,26.540139591341294,bounded-Pareto,3,0.9998724168645824,0.9998723705692293,0.9998724115143377,0.9710894711411631
27.20564827975623,28.542919059950542,27.841425456103117,bounded-Pareto,4,0.9990291402476243,0.9990287822851448,0.9990290982741662,0.7065865330338367
26.073396520581806,26.892670405932122,26.65704572678011,bounded-Pareto,5,0.9975909359312709,0.9975900211307048,0.9975908388975033,0.7920444342630019
25.751413874026095,27.172394067398855,26.532927626020843,bounded-Pareto,6,0.9993633234140281,0.9993630910833303,0.9993632964225884,0.891713346484102
24.5170831808013,25.349458002847268,24.957175106772418,bounded-Pareto,7,0.9998656932154312,0.9998656447963764,0.9998656879234356,0.96519194564574
24.65487331970514,25.427233682297796,25.08883520204836,bounded-Pareto,8,0.9993031729166946,0.9993029155663735,0.999303145341796,0.8960234841699048
23.275017798936354,24.118183007376906,23.657732672842688,bounded-Pareto,9,0.9984068775069829,0.9984063059690845,0.9984068103979971,0.35077240604667814
24.66216813882102,25.588919793689573,25.098751278999355,bounded-Pareto,10,0.9987375903671606,0.9987371571715924,0.9987375447305097,0.5581162964532308
26.89960144107439,27.735552851969217,27.37484344348876,bounded-Pareto,11,0.9993667585653615,0.9993665233858093,0.9993667304636318,0.8985305381752164
23.60873663982035,23.995006801546,24.036520847278304,bounded-Pareto,12,0.9989543357064847,0.9989539581701505,0.9989542959055073,0.7998460658643067
26.381913381630117,27.099321147278864,26.557725182099922,bounded-Pareto,13,0.9997124860365284,0.9997123774219239,0.9997124725978584,0.9328134897206356
26.014683789726167,26.787671597041776,26.177747151708974,bounded-Pareto,14,0.9977446603112481,0.9977438171917851,0.9977445291567205,0.7462263847919145
24.31752855099799,25.27768690281261,24.80890874043982,bounded-Pareto,15,0.9991839113849862,0.99918360606747,0.9991838715493103,0.6559484226752746
24.708417718898783,25.47006499689505,25.091896915752432,bounded-Pareto,16,0.9983626290359394,0.9983620240760943,0.9983625591816689,0.7313043720267602
26.496616285321704,27.185941414262107,27.00772766194715,bounded-Pareto,17,0.9971115002544413,0.9971104550108376,0.9971113856590298,0.6626834321632117
27.599485512079443,28.523353898028756,28.245351081962355,bounded-Pareto,18,0.9991471014528843,0.9991467889581808,0.9991470660695516,0.8524259801823212
24.734675821889304,25.631752808988765,25.1696822721598,bounded-Pareto,19,0.9993734529899717,0.9993732239266119,0.9993734267665597,0.8508946985602172
