model,seed,policy,mrt,ratio,n_jobs,n_busy
one-way drift,8,genie,27.480613644154953,1.0,20419,4000
one-way drift,8,fcfs,30.344221558352512,1.1042046568274737,20419,4000
one-way drift,8,static,30.524744110877123,1.110773744216212,20419,4000
one-way drift,8,kupd_50,31.248447524364565,1.1371087970959854,20419,4000
one-way drift,8,kupd_200,28.24614427738871,1.0278571156796779,20419,4000
one-way drift,8,kupd_500,27.822409520544593,1.0124377090270085,20419,4000
one-way drift,8,kupd_2000,27.517642391889908,1.0013474498136918,20419,4000
one-way drift,11,genie,27.553017211447845,1.0,20161,4000
one-way drift,11,fcfs,30.838811070879423,1.1192535044062755,20161,4000
one-way drift,11,static,31.079164227964885,1.1279768015769969,20161,4000
one-way drift,11,kupd_50,30.244167948018447,1.097671725601524,20161,4000
one-way drift,11,kupd_200,28.048957888993602,1.0179995052352997,20161,4000
one-way drift,11,kupd_500,27.804922870889342,1.0091425798310334,20161,4000
one-way drift,11,kupd_2000,27.671403204206136,1.0042966616632136,20161,4000
one-way drift,9,genie,26.87340738940204,1.0,20570,4000
one-way drift,9,fcfs,29.882495867768593,1.111972718411333,20570,4000
one-way drift,9,static,30.088400583373847,1.119634743275603,20570,4000
one-way drift,9,kupd_50,30.651486144871175,1.1405880058573845,20570,4000
one-way drift,9,kupd_200,27.876110841030627,1.0373121069873714,20570,4000
one-way drift,9,kupd_500,27.259339815264955,1.0143611273505686,20570,4000
one-way drift,9,kupd_2000,27.026442877977633,1.0056946812273588,20570,4000
one-way drift,7,genie,25.290982545892266,1.0,19938,4000
one-way drift,7,fcfs,28.03517905507072,1.1085049386356942,19938,4000
one-way drift,7,static,28.25495987561441,1.1171950249201983,19938,4000
one-way drift,7,kupd_50,27.733438158290703,1.0965741685980934,19938,4000
one-way drift,7,kupd_200,25.97346925468954,1.0269853773991917,19938,4000
one-way drift,7,kupd_500,25.588571571872805,1.0117666059608614,19938,4000
one-way drift,7,kupd_2000,25.358381482596048,1.0026649394337086,19938,4000
one-way drift,5,genie,25.0109710721583,1.0,18598,4000
one-way drift,5,fcfs,27.63939778470803,1.1050909500861261,18598,4000
one-way drift,5,static,27.779098290138727,1.110676519116119,18598,4000
one-way drift,5,kupd_50,27.406047962146463,1.0957610515432692,18598,4000
one-way drift,5,kupd_200,25.55868265404882,1.0218988531197104,18598,4000
one-way drift,5,kupd_500,25.2809409613937,1.0107940586735524,18598,4000
one-way drift,5,kupd_2000,25.116778685880202,1.0042304480468447,18598,4000
one-way drift,10,genie,25.632991573768773,1.0,19107,4000
one-way drift,10,fcfs,28.50198670644267,1.1119258797560658,19107,4000
one-way drift,10,static,28.50198670644267,1.1119258797560658,19107,4000
one-way drift,10,kupd_50,28.03519338462344,1.0937152342886474,19107,4000
one-way drift,10,kupd_200,26.226250588789448,1.0231443533741797,19107,4000
one-way drift,10,kupd_500,25.99655414246088,1.0141833842392456,19107,4000
one-way drift,10,kupd_2000,25.722640393573034,1.003497399807832,19107,4000
one-way drift,6,genie,26.269999493901516,1.0,19759,4000
one-way drift,6,fcfs,28.996455286198692,1.1037859095859561,19759,4000
one-way drift,6,static,29.3305698668961,1.1165043940600412,19759,4000
one-way drift,6,kupd_50,29.182827572245557,1.1108804010072495,19759,4000
one-way drift,6,kupd_200,27.144563996153654,1.0332913787248137,19759,4000
one-way drift,6,kupd_500,26.50313932891341,1.008874755976528,19759,4000
one-way drift,6,kupd_2000,26.319617389544007,1.0018887665244915,19759,4000
one-way drift,3,genie,27.470321640268196,1.0,20582,4000
one-way drift,3,fcfs,30.47127344281411,1.1092434170172538,20582,4000
one-way drift,3,static,30.723780487804884,1.1184354115012438,20582,4000
one-way drift,3,kupd_50,30.153141580021376,1.0976624873521863,20582,4000
one-way drift,3,kupd_200,28.306346322028958,1.03043374201106,20582,4000
one-way drift,3,kupd_500,27.830591779224566,1.013114886082304,20582,4000
one-way drift,3,kupd_2000,27.589883393256244,1.0043523972727275,20582,4000
one-way drift,2,genie,27.284300754088726,1.0,20422,4000
one-way drift,2,fcfs,30.07850749192048,1.1024107879111773,20422,4000
one-way drift,2,static,30.13155175790814,1.1043549193172097,20422,4000
one-way drift,2,kupd_50,31.111859269415344,1.1402842810532,20422,4000
one-way drift,2,kupd_200,28.073555969052983,1.0289270823569112,20422,4000
one-way drift,2,kupd_500,27.52104837919891,1.0086770640466094,20422,4000
one-way drift,2,kupd_2000,27.39532220154735,1.0040690596566595,20422,4000
one-way drift,0,genie,27.59134497947743,1.0,19978,4000
one-way drift,0,fcfs,30.481830513564923,1.104760588374269,19978,4000
one-way drift,0,static,30.73001852037241,1.1137557282267154,19978,4000
one-way drift,0,kupd_50,30.743232555811396,1.1142346478099692,19978,4000
one-way drift,0,kupd_200,28.338071879066973,1.027063809326619,19978,4000
one-way drift,0,kupd_500,27.937528281109223,1.0125468077721216,19978,4000
one-way drift,0,kupd_2000,27.720694764240665,1.0046880565213274,19978,4000
one-way drift,1,genie,25.12946009047133,1.0,20559,4000
one-way drift,1,fcfs,27.714867454642732,1.102883522163365,20559,4000
one-way drift,1,static,27.739864779415335,1.1038782639796478,20559,4000
one-way drift,1,kupd_50,27.485626246412764,1.0937611133489833,20559,4000
one-way drift,1,kupd_200,25.846039690646432,1.0285155191394986,20559,4000
one-way drift,1,kupd_500,25.35170436305268,1.0088439732402217,20559,4000
one-way drift,1,kupd_2000,25.259072912106618,1.0051578036761895,20559,4000
one-way drift,4,genie,25.927280068211456,1.0,19938,4000
one-way drift,4,fcfs,28.940942421506673,1.1162351910947328,19938,4000
one-way drift,4,static,29.13384642391414,1.1236753854344383,19938,4000
one-way drift,4,kupd_50,28.630742802688335,1.104270973560065,19938,4000
one-way drift,4,kupd_200,26.719583709499446,1.0305586871898456,19938,4000
one-way drift,4,kupd_500,26.207085966496138,1.0107919495430506,19938,4000
one-way drift,4,kupd_2000,26.076658641789546,1.0057614440537184,19938,4000
one-way drift,12,genie,24.87621163583755,1.0,19354,4000
one-way drift,12,fcfs,27.361185801384728,1.0998935932015965,19354,4000
one-way drift,12,static,27.455424718404466,1.1036819078533329,19354,4000
one-way drift,12,kupd_50,27.357404154180013,1.099741574587988,19354,4000
one-way drift,12,kupd_200,25.430690296579517,1.0222895137273702,19354,4000
one-way drift,12,kupd_500,25.094094244083912,1.0087586732029756,19354,4000
one-way drift,12,kupd_2000,24.970678412731218,1.0037974744015112,19354,4000
one-way drift,13,genie,25.892818547990963,1.0,20358,4000
one-way drift,13,fcfs,29.15987179487179,1.1261760376077066,20358,4000
one-way drift,13,static,29.2340971608213,1.1290426767034827,20358,4000
one-way drift,13,kupd_50,28.91352244817762,1.1166618417607934,20358,4000
one-way drift,13,kupd_200,26.54658807348462,1.025249067585359,20358,4000
one-way drift,13,kupd_500,26.16717653993516,1.0105959106551374,20358,4000
one-way drift,13,kupd_2000,25.984346202966897,1.003534866426623,20358,4000
one-way drift,22,genie,26.192692856089284,1.0,20339,4000
one-way drift,22,fcfs,29.10823098480751,1.111311125768438,20339,4000
one-way drift,22,static,29.129320025566646,1.1121162755434157,20339,4000
one-way drift,22,kupd_50,28.93920005899995,1.1048577638809733,20339,4000
one-way drift,22,kupd_200,27.111067407443826,1.0350622426033236,20339,4000
one-way drift,22,kupd_500,26.51342691381091,1.012245173090214,20339,4000
one-way drift,22,kupd_2000,26.286465902945082,1.0035801224170044,20339,4000
one-way drift,16,genie,24.884894918444168,1.0,19128,4000
one-way drift,16,fcfs,27.374303115851106,1.1000369182014043,19128,4000
one-way drift,16,static,27.41944688414889,1.1018510214333341,19128,4000
one-way drift,16,kupd_50,28.76021068590548,1.155729641622437,19128,4000
one-way drift,16,kupd_200,25.534636135508155,1.0261098638026562,19128,4000
one-way drift,16,kupd_500,25.198228251777497,1.0125913062667222,19128,4000
one-way drift,16,kupd_2000,24.985271852781263,1.0040336491138928,19128,4000
one-way drift,18,genie,25.316715321169706,1.0,20005,4000
one-way drift,18,fcfs,28.36241289677581,1.1203038204983609,20005,4000
one-way drift,18,static,28.462436890777308,1.1242547277441306,20005,4000
one-way drift,18,kupd_50,28.066507873031743,1.1086156919244052,20005,4000
one-way drift,18,kupd_200,25.82533616595851,1.0200903173392126,20005,4000
one-way drift,18,kupd_500,25.541486628342916,1.008878375583947,20005,4000
one-way drift,18,kupd_2000,25.33090777305674,1.0005605961005204,20005,4000
one-way drift,14,genie,25.925361350361353,1.0,20202,4000
one-way drift,14,fcfs,28.4020002970003,1.0955295825261246,20202,4000
one-way drift,14,static,28.98652014652015,1.1180758391287045,20202,4000
one-way drift,14,kupd_50,29.064948024948027,1.121100980316439,20202,4000
one-way drift,14,kupd_200,26.67823631323631,1.0290400952449779,20202,4000
one-way drift,14,kupd_500,26.163562023562026,1.0091879403330806,20202,4000
one-way drift,14,kupd_2000,26.020487575487575,1.0036692343007554,20202,4000
one-way drift,15,genie,27.994285163962058,1.0,20767,4000
one-way drift,15,fcfs,30.957680936100544,1.1058571688750731,20767,4000
one-way drift,15,static,31.26531805267973,1.1168464516796657,20767,4000
one-way drift,15,kupd_50,31.205164443588387,1.114697669928711,20767,4000
one-way drift,15,kupd_200,28.64907497471951,1.023390124338677,20767,4000
one-way drift,15,kupd_500,28.42737901478307,1.0154707951385216,20767,4000
one-way drift,15,kupd_2000,28.170273029325376,1.0062865640016367,20767,4000
one-way drift,19,genie,27.060260190806588,1.0,19601,4000
one-way drift,19,fcfs,29.267110861690732,1.0815531948075612,19601,4000
one-way drift,19,static,29.2884852813632,1.0823430770748326,19601,4000
one-way drift,19,kupd_50,29.955886944543643,1.107006611662988,19601,4000
one-way drift,19,kupd_200,27.98846997602163,1.0343015838972012,19601,4000
one-way drift,19,kupd_500,27.361774909443398,1.0111423436622848,19601,4000
one-way drift,19,kupd_2000,27.1827896535891,1.004528022344151,19601,4000
one-way drift,17,genie,24.960050383013726,1.0,19451,4000
one-way drift,17,fcfs,27.37816667523521,1.0968794635874255,19451,4000
one-way drift,17,static,27.445215670145494,1.0995657159739958,19451,4000
one-way drift,17,kupd_50,26.964714410570153,1.0803149030869215,19451,4000
one-way drift,17,kupd_200,25.509261734615187,1.0220036155045271,19451,4000
one-way drift,17,kupd_500,25.155678371291962,1.0078376439661103,19451,4000
one-way drift,17,kupd_2000,25.017247442290888,1.0022915442236482,19451,4000
one-way drift,21,genie,27.193744316278174,1.0,20893,4000
one-way drift,21,fcfs,30.145547312497012,1.1085471335571795,20893,4000
one-way drift,21,static,30.464724548891972,1.1202842901871293,20893,4000
one-way drift,21,kupd_50,30.877769587900254,1.1354732628495305,20893,4000
one-way drift,21,kupd_200,28.19057244053032,1.0366565233775271,20893,4000
one-way drift,21,kupd_500,27.69035274972479,1.0182618630105067,20893,4000
one-way drift,21,kupd_2000,27.368927870578663,1.006442053446668,20893,4000
one-way drift,20,genie,27.879052579609972,1.0,20255,4000
one-way drift,20,fcfs,30.477387805480127,1.0932002699320749,20255,4000
one-way drift,20,static,30.478119970377684,1.0932265321192658,20255,4000
one-way drift,20,kupd_50,31.43298395457912,1.127476762878535,20255,4000
one-way drift,20,kupd_200,28.691263391755125,1.0291333720837839,20255,4000
one-way drift,20,kupd_500,28.22066057763515,1.0122532140233138,20255,4000
one-way drift,20,kupd_2000,28.014450259195257,1.0048566097860985,20255,4000
one-way drift,23,genie,27.439475353831135,1.0,20490,4000
one-way drift,23,fcfs,30.335361639824306,1.1055372323505028,20490,4000
one-way drift,23,static,31.290595900439243,1.1403496421468717,20490,4000
one-way drift,23,kupd_50,30.769494387506104,1.1213586991272422,20490,4000
one-way drift,23,kupd_200,28.498530990727186,1.0385960599916566,20490,4000
one-way drift,23,kupd_500,27.889616886285992,1.0164048884554204,20490,4000
one-way drift,23,kupd_2000,27.585813079551002,1.0053331094648439,20490,4000
one-way drift,26,genie,23.454170952860704,1.0,18859,4000
one-way drift,26,fcfs,25.90986425579299,1.1047017738494298,18859,4000
one-way drift,26,static,26.007578874807788,1.1088679675388673,18859,4000
one-way drift,26,kupd_50,25.49633172490588,1.0870702603877838,18859,4000
one-way drift,26,kupd_200,24.064445622779576,1.0260198781336347,18859,4000
one-way drift,26,kupd_500,23.70420064690599,1.0106603509690368,18859,4000
one-way drift,26,kupd_2000,23.556165226151972,1.0043486624829443,18859,4000
one-way drift,24,genie,26.5004637415278,1.0,19623,4000
one-way drift,24,fcfs,29.143896448045663,1.0997504320037783,19623,4000
one-way drift,24,static,29.143896448045663,1.0997504320037783,19623,4000
one-way drift,24,kupd_50,29.532130662997503,1.114400523365895,19623,4000
one-way drift,24,kupd_200,27.533484686337463,1.0389812402864051,19623,4000
one-way drift,24,kupd_500,26.821313254853997,1.0121073169305868,19623,4000
one-way drift,24,kupd_2000,26.59590072873669,1.0036013327215605,19623,4000
one-way drift,25,genie,28.129758449447955,1.0,20741,4000
one-way drift,25,fcfs,31.256983269851982,1.1111714068225638,20741,4000
one-way drift,25,static,31.645417289426742,1.1249800579090212,20741,4000
one-way drift,25,kupd_50,32.9807540620028,1.17245066719192,20741,4000
one-way drift,25,kupd_200,28.937367050769012,1.0287101150467541,20741,4000
one-way drift,25,kupd_500,28.52157417675136,1.0139288692438486,20741,4000
one-way drift,25,kupd_2000,28.2190796007907,1.0031753259276386,20741,4000
one-way drift,31,genie,27.725682203812756,1.0,20038,4000
one-way drift,31,fcfs,30.18979089729514,1.0888745919890666,20038,4000
one-way drift,31,static,30.52538975945703,1.1009788518480266,20038,4000
one-way drift,31,kupd_50,30.740066373889615,1.1087217312785302,20038,4000
one-way drift,31,kupd_200,28.453885118275274,1.0262645625492446,20038,4000
one-way drift,31,kupd_500,28.008890607845096,1.0102146595330086,20038,4000
one-way drift,31,kupd_2000,27.908148018764347,1.0065811118229762,20038,4000
one-way drift,33,genie,24.41665750092539,1.0,18911,4000
one-way drift,33,fcfs,27.263943736449686,1.1166124493254814,18911,4000
one-way drift,33,static,27.705624239860402,1.134701760009959,18911,4000
one-way drift,33,kupd_50,27.230726032467878,1.1152519967745722,18911,4000
one-way drift,33,kupd_200,25.202997726191107,1.03220507250986,18911,4000
one-way drift,33,kupd_500,24.784247263497438,1.0150548764734943,18911,4000
one-way drift,33,kupd_2000,24.4944397440643,1.003185622075256,18911,4000
one-way drift,29,genie,25.931963858488164,1.0,19645,4000
one-way drift,29,fcfs,28.51273759226266,1.0995209521291134,19645,4000
one-way drift,29,static,28.84170374141003,1.112206692050029,19645,4000
one-way drift,29,kupd_50,29.187670145075085,1.1255480033966363,19645,4000
one-way drift,29,kupd_200,26.684731483838124,1.0290285621813235,19645,4000
one-way drift,29,kupd_500,26.24182743700687,1.0119490980401502,19645,4000
one-way drift,29,kupd_2000,26.089282260117077,1.0060665826347517,19645,4000
one-way drift,30,genie,28.80717524569427,1.0,20554,4000
one-way drift,30,fcfs,31.28526856086406,1.0860234748473017,20554,4000
one-way drift,30,static,31.612073075800332,1.0973680274509143,20554,4000
one-way drift,30,kupd_50,32.69400408679576,1.1349257193026046,20554,4000
one-way drift,30,kupd_200,29.623118614381628,1.0283243102361908,20554,4000
one-way drift,30,kupd_500,29.255162985307003,1.0155512554004993,20554,4000
one-way drift,30,kupd_2000,28.880455872336285,1.0025438324312261,20554,4000
one-way drift,32,genie,25.02021551291068,1.0,19906,4000
one-way drift,32,fcfs,27.87892344016879,1.1142559274033026,19906,4000
one-way drift,32,static,27.879055058776245,1.1142611878938602,19906,4000
one-way drift,32,kupd_50,27.434098261830606,1.0964772964355298,19906,4000
one-way drift,32,kupd_200,25.75887772530895,1.0295226159030129,19906,4000
one-way drift,32,kupd_500,25.273633075454637,1.0101285123788477,19906,4000
one-way drift,32,kupd_2000,25.173917411835628,1.0061431085134194,19906,4000
one-way drift,28,genie,27.333297470194825,1.0,20634,4000
one-way drift,28,fcfs,30.191538722496848,1.1045699391161548,20634,4000
one-way drift,28,static,30.550433265484152,1.1177002445020547,20634,4000
one-way drift,28,kupd_50,30.289023941068137,1.1081364761824415,20634,4000
one-way drift,28,kupd_200,28.291610448773874,1.0350602769250226,20634,4000
one-way drift,28,kupd_500,27.67563051274595,1.0125243960383636,20634,4000
one-way drift,28,kupd_2000,27.464031210623247,1.0047829479985346,20634,4000
one-way drift,27,genie,27.090458992805758,1.0,20850,4000
one-way drift,27,fcfs,29.94411990407674,1.1053382267177094,20850,4000
one-way drift,27,static,29.992116067146288,1.1071099266022442,20850,4000
one-way drift,27,kupd_50,30.51307386091127,1.1263402317773366,20850,4000
one-way drift,27,kupd_200,28.16003836930456,1.0394817738888382,20850,4000
one-way drift,27,kupd_500,27.503123741007194,1.0152328444605174,20850,4000
one-way drift,27,kupd_2000,27.15155635491607,1.002255309226268,20850,4000
one-way drift,34,genie,26.665827594627597,1.0,20475,4000
one-way drift,34,fcfs,29.63850891330891,1.111479057161542,20475,4000
one-way drift,34,static,29.822716483516484,1.1183870584059767,20475,4000
one-way drift,34,kupd_50,29.765003174603176,1.1162227412210515,20475,4000
one-way drift,34,kupd_200,27.334309645909645,1.0250688657199871,20475,4000
one-way drift,34,kupd_500,26.94095873015873,1.0103177422322556,20475,4000
one-way drift,34,kupd_2000,26.804421001221,1.0051974162850033,20475,4000
one-way drift,35,genie,26.804504279065114,1.0,19981,4000
one-way drift,35,fcfs,29.41401981882789,1.0973536205928218,19981,4000
one-way drift,35,static,29.849126169861364,1.113586203986401,19981,4000
one-way drift,35,kupd_50,30.083970772233624,1.122347589756765,19981,4000
one-way drift,35,kupd_200,27.554410690155645,1.027976880425885,19981,4000
one-way drift,35,kupd_500,27.127484109904408,1.0120494610710464,19981,4000
one-way drift,35,kupd_2000,26.881415845052803,1.0028693522994103,19981,4000
one-way drift,36,genie,25.148349127936285,1.0,19838,4000
one-way drift,36,fcfs,27.99285159794334,1.113108914447478,19838,4000
one-way drift,36,static,28.145325133582013,1.1191718784560896,19838,4000
one-way drift,36,kupd_50,28.143775582215948,1.119110262031163,19838,4000
one-way drift,36,kupd_200,25.949744933965118,1.0318667361404885,19838,4000
one-way drift,36,kupd_500,25.380499042242164,1.0092312188416372,19838,4000
one-way drift,36,kupd_2000,25.256404879524148,1.0042967333974153,19838,4000
one-way drift,37,genie,24.52218058094658,1.0,19692,4000
one-way drift,37,fcfs,27.09255738370912,1.1048184436240427,19692,4000
one-way drift,37,static,27.125083790371725,1.106144851222879,19692,4000
one-way drift,37,kupd_50,26.764973593337402,1.0914597706752656,19692,4000
one-way drift,37,kupd_200,25.04705921186269,1.0214042396916339,19692,4000
one-way drift,37,kupd_500,24.79661385334146,1.011191226305874,19692,4000
one-way drift,37,kupd_2000,24.595813020515944,1.0030026872743356,19692,4000
one-way drift,39,genie,24.93328907203907,1.0,19656,4000
one-way drift,39,fcfs,27.578261599511602,1.1060819741763908,19656,4000
one-way drift,39,static,27.578261599511602,1.1060819741763908,19656,4000
one-way drift,39,kupd_50,27.466596967846964,1.101603438218218,19656,4000
one-way drift,39,kupd_200,25.674592490842493,1.0297314733191274,19656,4000
one-way drift,39,kupd_500,25.169358465608465,1.0094680406137886,19656,4000
one-way drift,39,kupd_2000,24.976094831094834,1.0017168115659385,19656,4000
one-way drift,38,genie,26.555584508481505,1.0,19572,4000
one-way drift,38,fcfs,29.278174432863278,1.102524194996055,19572,4000
one-way drift,38,static,29.661160331085224,1.1169462423849807,19572,4000
one-way drift,38,kupd_50,29.977835683629674,1.1288712426591532,19572,4000
one-way drift,38,kupd_200,27.43838953607194,1.0332436677230161,19572,4000
one-way drift,38,kupd_500,26.842214898835074,1.0107936012578456,19572,4000
one-way drift,38,kupd_2000,26.653326180257512,1.0036806447150426,19572,4000
stationary,0,genie,13.712684842883549,1.0,19476,4000
stationary,0,fcfs,19.30089392072294,1.4075211486202497,19476,4000
stationary,0,static,13.906153727664819,1.0141087530996291,19476,4000
stationary,0,kupd_50,15.515970938591089,1.1315049617466697,19476,4000
stationary,0,kupd_200,14.315519100431302,1.043961796282411,19476,4000
stationary,0,kupd_500,13.971375025672623,1.0188650279469762,19476,4000
stationary,0,kupd_2000,13.773912507701786,1.0044650384311875,19476,4000
stationary,1,genie,12.59741434968239,1.0,19206,4000
stationary,1,fcfs,17.800997084244507,1.4130675224391036,19206,4000
stationary,1,static,12.77219410600854,1.0138742563731387,19206,4000
stationary,1,kupd_50,14.156348016244923,1.1237502890108426,19206,4000
stationary,1,kupd_200,12.888220347807978,1.0230845783153049,19206,4000
stationary,1,kupd_500,12.710727897532022,1.0089949845820931,19206,4000
stationary,1,kupd_2000,12.647616369884409,1.0039851051024042,19206,4000
stationary,6,genie,12.94074592561638,1.0,19144,4000
stationary,6,fcfs,18.234421750940243,1.4090703778400409,19144,4000
stationary,6,static,13.564299519431673,1.0481852898897397,19144,4000
stationary,6,kupd_50,14.78903468449645,1.1428270649546837,19144,4000
stationary,6,kupd_200,13.29689928959465,1.0275218573972047,19144,4000
stationary,6,kupd_500,13.110676974508984,1.0131314724722493,19144,4000
stationary,6,kupd_2000,12.982687526117845,1.0032410496846584,19144,4000
stationary,5,genie,13.22985446418838,1.0,18346,4000
stationary,5,fcfs,18.7704595007086,1.4187956149871468,18346,4000
stationary,5,static,13.565892292597841,1.0253999640977969,18346,4000
stationary,5,kupd_50,14.94088411642865,1.129330950455413,18346,4000
stationary,5,kupd_200,13.629385152076747,1.0301991748261365,18346,4000
stationary,5,kupd_500,13.385559795050693,1.0117692398872404,18346,4000
stationary,5,kupd_2000,13.275387550419708,1.0034416921482077,18346,4000
stationary,2,genie,13.804831031442847,1.0,20418,4000
stationary,2,fcfs,19.276072583014987,1.3963280346648546,20418,4000
stationary,2,static,13.900161132334214,1.0069055608630222,20418,4000
stationary,2,kupd_50,15.579410324223723,1.1285477010721081,20418,4000
stationary,2,kupd_200,14.344119404447056,1.0390651918720257,20418,4000
stationary,2,kupd_500,13.944720344793808,1.0101333593314066,20418,4000
stationary,2,kupd_2000,13.870403565481439,1.004749970056804,20418,4000
stationary,3,genie,14.594590931253046,1.0,20510,4000
stationary,3,fcfs,20.58993027791321,1.4107918731604643,20510,4000
stationary,3,static,14.792755728912727,1.0135779617663232,20510,4000
stationary,3,kupd_50,16.488932228181376,1.1297974918140228,20510,4000
stationary,3,kupd_200,15.046073622623108,1.0309349329143067,20510,4000
stationary,3,kupd_500,14.736128230131643,1.0096979284685195,20510,4000
stationary,3,kupd_2000,14.664052169673328,1.0047593823456562,20510,4000
stationary,4,genie,15.27123006721947,1.0,20381,4000
stationary,4,fcfs,21.69629360679064,1.4207299288459363,20381,4000
stationary,4,static,15.745105735734262,1.031030615505688,20381,4000
stationary,4,kupd_50,17.72013149501987,1.1603604566901982,20381,4000
stationary,4,kupd_200,15.783243216721457,1.0335279572927822,20381,4000
stationary,4,kupd_500,15.475075315244592,1.0133483188405816,20381,4000
stationary,4,kupd_2000,15.306958932338944,1.002339619334016,20381,4000
stationary,7,genie,14.11038847793073,1.0,20413,4000
stationary,7,fcfs,20.030910204281582,1.419586018883237,20413,4000
stationary,7,static,14.517615245186892,1.0288600677361281,20413,4000
stationary,7,kupd_50,16.02994317346789,1.1360384016740168,20413,4000
stationary,7,kupd_200,14.569807965512172,1.0325589538728857,20413,4000
stationary,7,kupd_500,14.271916425807085,1.0114474486743572,20413,4000
stationary,7,kupd_2000,14.162230931269288,1.0036740627956233,20413,4000
stationary,10,genie,13.361579525483306,1.0,18208,4000
stationary,10,fcfs,18.652242970123027,1.3959609292112005,18208,4000
stationary,10,static,13.411738796133568,1.0037539925990484,18208,4000
stationary,10,kupd_50,15.032692772407733,1.125068540267808,18208,4000
stationary,10,kupd_200,13.758782403339191,1.029727239739758,18208,4000
stationary,10,kupd_500,13.51350944639719,1.0113706557390256,18208,4000
stationary,10,kupd_2000,13.403003624780316,1.0031002396998054,18208,4000
stationary,8,genie,14.525671850265388,1.0,21478,4000
stationary,8,fcfs,20.814797467175715,1.4329662463630157,21478,4000
stationary,8,static,14.936782754446412,1.0283023675888363,21478,4000
stationary,8,kupd_50,16.891943383927742,1.1629027254680218,21478,4000
stationary,8,kupd_200,15.16868935655089,1.0442676602441459,21478,4000
stationary,8,kupd_500,14.803029611695687,1.019094315518716,21478,4000
stationary,8,kupd_2000,14.596409814694109,1.0048698583554625,21478,4000
stationary,9,genie,14.360632610488524,1.0,20613,4000
stationary,9,fcfs,20.335154999272305,1.416034763288923,20613,4000
stationary,9,static,14.822046281472858,1.0321304557744435,20613,4000
stationary,9,kupd_50,16.783790811623735,1.1687361738761715,20613,4000
stationary,9,kupd_200,15.10667830980449,1.0519507545072269,20613,4000
stationary,9,kupd_500,14.718031339445982,1.024887394493779,20613,4000
stationary,9,kupd_2000,14.41185853587542,1.003567107854948,20613,4000
stationary,12,genie,12.915425316725223,1.0,18786,4000
stationary,12,fcfs,18.299761524539555,1.416891900636189,18786,4000
stationary,12,static,13.137745129351645,1.0172135107574445,18786,4000
stationary,12,kupd_50,14.435106462259132,1.117664041893065,18786,4000
stationary,12,kupd_200,13.335077717449163,1.0324923407811044,18786,4000
stationary,12,kupd_500,13.082673267326731,1.0129494729364372,18786,4000
stationary,12,kupd_2000,12.996184392632813,1.006252916487621,18786,4000
stationary,11,genie,15.762649190745707,1.0,20142,4000
stationary,11,fcfs,22.543881938238506,1.4302089493607508,20142,4000
stationary,11,static,15.844059676298281,1.0051647717694796,20142,4000
stationary,11,kupd_50,17.671238705193126,1.1210830420287445,20142,4000
stationary,11,kupd_200,16.293996623969818,1.0337092722672574,20142,4000
stationary,11,kupd_500,15.942212292721678,1.011391682946379,20142,4000
stationary,11,kupd_2000,15.804540760599739,1.002657647794295,20142,4000
stationary,13,genie,14.579409660107334,1.0,20683,4000
stationary,13,fcfs,20.800660445776725,1.4267148623096986,20683,4000
stationary,13,static,14.847151283662912,1.0183643665825635,20683,4000
stationary,13,kupd_50,16.820975680510564,1.1537487506463775,20683,4000
stationary,13,kupd_200,15.386374800560848,1.0553496444140367,20683,4000
stationary,13,kupd_500,14.871065609437702,1.0200046473848943,20683,4000
stationary,13,kupd_2000,14.64559203210366,1.004539441139199,20683,4000
stationary,14,genie,13.566722740480197,1.0,19617,4000
stationary,14,fcfs,19.176146199724727,1.4134693076985505,19617,4000
stationary,14,static,14.056123260437374,1.0360735993002135,19617,4000
stationary,14,kupd_50,15.459314370189121,1.1395024919365262,19617,4000
stationary,14,kupd_200,14.081001682214406,1.0379073820237892,19617,4000
stationary,14,kupd_500,13.827321200999133,1.0192086523402861,19617,4000
stationary,14,kupd_2000,13.753099862364277,1.0137378146107439,19617,4000
stationary,17,genie,12.664220385379206,1.0,18631,4000
stationary,17,fcfs,17.721035371155605,1.3992993513927214,18631,4000
stationary,17,static,12.722006870269981,1.0045629721476965,18631,4000
stationary,17,kupd_50,13.919651655842415,1.0991321401760032,18631,4000
stationary,17,kupd_200,12.927791315549353,1.0208122507465551,18631,4000
stationary,17,kupd_500,12.779496001288178,1.009102464455061,18631,4000
stationary,17,kupd_2000,12.659716064623478,0.9996443270395919,18631,4000
stationary,15,genie,14.715205951911708,1.0,20296,4000
stationary,15,fcfs,20.85026409144659,1.416919624474427,20296,4000
stationary,15,static,14.833789909341744,1.0080585999147793,20296,4000
stationary,15,kupd_50,16.67658701221916,1.1332894059870524,20296,4000
stationary,15,kupd_200,15.071486007094995,1.0242116934243113,20296,4000
stationary,15,kupd_500,14.921734331888057,1.014035031561996,20296,4000
stationary,15,kupd_2000,14.750049763500197,1.0023678779422018,20296,4000
stationary,18,genie,14.070915745517071,1.0,20355,4000
stationary,18,fcfs,19.91325865880619,1.4152070141668258,20355,4000
stationary,18,static,14.562142471137314,1.0349107858013253,20355,4000
stationary,18,kupd_50,16.607982805207566,1.1803057530565337,20355,4000
stationary,18,kupd_200,14.535295504789978,1.0330028100282567,20355,4000
stationary,18,kupd_500,14.2707324981577,1.0142006928514435,20355,4000
stationary,18,kupd_2000,14.163483173667403,1.0065786356641233,20355,4000
stationary,16,genie,14.31778688112591,1.0,19895,4000
stationary,16,fcfs,20.26760743905504,1.4155544852935578,19895,4000
stationary,16,static,14.54666901231465,1.015985859622653,19895,4000
stationary,16,kupd_50,16.39077858758482,1.144784366723015,19895,4000
stationary,16,kupd_200,14.954627795928623,1.0444790050368897,19895,4000
stationary,16,kupd_500,14.723702437798444,1.0283504399138406,19895,4000
stationary,16,kupd_2000,14.37392410153305,1.0039208029057298,19895,4000
stationary,19,genie,14.52344718992248,1.0,20640,4000
stationary,19,fcfs,20.52887112403101,1.4134985210863416,20640,4000
stationary,19,static,14.605608527131784,1.0056571512351635,20640,4000
stationary,19,kupd_50,16.47769476744186,1.1345581081380867,20640,4000
stationary,19,kupd_200,14.968452519379845,1.0306404756142291,20640,4000
stationary,19,kupd_500,14.762968992248062,1.0164920765155383,20640,4000
stationary,19,kupd_2000,14.61666812015504,1.0064186504080963,20640,4000
stationary,20,genie,13.890945106681361,1.0,19966,4000
stationary,20,fcfs,19.849967444655917,1.4289860979371622,19966,4000
stationary,20,static,13.908914154061906,1.0012935798998948,19966,4000
stationary,20,kupd_50,15.84267254332365,1.1405035742099026,19966,4000
stationary,20,kupd_200,14.46851747971552,1.04157905517576,19966,4000
stationary,20,kupd_500,14.105018030652108,1.0154109689676754,19966,4000
stationary,20,kupd_2000,13.92694480617049,1.0025915946836341,19966,4000
stationary,21,genie,15.010643685749315,1.0,21206,4000
stationary,21,fcfs,21.44089125719136,1.428379202521924,21206,4000
stationary,21,static,15.133746109591623,1.0082010089919846,21206,4000
stationary,21,kupd_50,17.148680090540413,1.1424346916462276,21206,4000
stationary,21,kupd_200,15.701626426483068,1.0460328521014561,21206,4000
stationary,21,kupd_500,15.302818541922099,1.0194645121348238,21206,4000
stationary,21,kupd_2000,15.062732717155521,1.0034701397552763,21206,4000
stationary,22,genie,13.574303920509776,1.0,18518,4000
stationary,22,fcfs,19.235008100226807,1.4170161661964944,18518,4000
stationary,22,static,13.678525218706126,1.0076778373909014,18518,4000
stationary,22,kupd_50,15.267606112971166,1.1247432061619702,18518,4000
stationary,22,kupd_200,14.01816394859056,1.0326985479830126,18518,4000
stationary,22,kupd_500,13.79252349065774,1.0160759307752238,18518,4000
stationary,22,kupd_2000,13.613123447456529,1.0028597803006385,18518,4000
stationary,27,genie,14.187325354299164,1.0,19969,4000
stationary,27,fcfs,20.018577795583152,1.4110184474987706,19969,4000
stationary,27,static,14.406720917422007,1.015464194810783,19969,4000
stationary,27,kupd_50,16.297687415494018,1.1487498177769888,19969,4000
stationary,27,kupd_200,14.573926586208623,1.0272497614775788,19969,4000
stationary,27,kupd_500,14.293526466022334,1.0074856330612725,19969,4000
stationary,27,kupd_2000,14.197141569432622,1.000691900332749,19969,4000
stationary,23,genie,14.767717088181556,1.0,20798,4000
stationary,23,fcfs,20.890932301182804,1.4146351921856353,20798,4000
stationary,23,static,15.365756803538803,1.0404964228246119,20798,4000
stationary,23,kupd_50,16.851091451101066,1.141076264562707,20798,4000
stationary,23,kupd_200,15.315081738628715,1.0370649469500746,20798,4000
stationary,23,kupd_500,14.941882392537744,1.0117936511998575,20798,4000
stationary,23,kupd_2000,14.785501490527935,1.001204275666996,20798,4000
stationary,26,genie,13.766398233601272,1.0,20154,4000
stationary,26,fcfs,19.36718170090305,1.4068445044420759,20154,4000
stationary,26,static,13.905962091892428,1.0101380082083131,20154,4000
stationary,26,kupd_50,15.77271856703384,1.1457403962450763,20154,4000
stationary,26,kupd_200,14.338650391981743,1.0415687639330167,20154,4000
stationary,26,kupd_500,13.969095961099532,1.0147240929732448,20154,4000
stationary,26,kupd_2000,13.811151136250869,1.0032508795612467,20154,4000
stationary,25,genie,14.68912156432384,1.0,20047,4000
stationary,25,fcfs,20.82268518980396,1.4175582316901096,20047,4000
stationary,25,static,15.09301740908864,1.0274962558513887,20047,4000
stationary,25,kupd_50,16.76343991619694,1.1412145949497141,20047,4000
stationary,25,kupd_200,15.21929365989924,1.0360928387210746,20047,4000
stationary,25,kupd_500,14.96334613657904,1.0186685480853548,20047,4000
stationary,25,kupd_2000,14.717091834189652,1.001904148573033,20047,4000
stationary,24,genie,14.992716423948218,1.0,19776,4000
stationary,24,fcfs,21.186821905339805,1.413140975006877,19776,4000
stationary,24,static,15.29577973300971,1.0202140359686522,19776,4000
stationary,24,kupd_50,17.6790109223301,1.1791733013832637,19776,4000
stationary,24,kupd_200,15.523764158576054,1.035420381444658,19776,4000
stationary,24,kupd_500,15.159119639967637,1.011098937064775,19776,4000
stationary,24,kupd_2000,15.052010517799353,1.0039548599582944,19776,4000
stationary,28,genie,14.344341740850641,1.0,20220,4000
stationary,28,fcfs,20.275545994065283,1.4134873778364758,20220,4000
stationary,28,static,14.740373392680514,1.0276089108154771,20220,4000
stationary,28,kupd_50,16.290163204747774,1.135650802180466,20220,4000
stationary,28,kupd_200,14.900546488625123,1.038775201945342,20220,4000
stationary,28,kupd_500,14.468475766567753,1.0086538670062215,20220,4000
stationary,28,kupd_2000,14.382663699307617,1.0026715731644793,20220,4000
stationary,29,genie,14.138277403772033,1.0,19459,4000
stationary,29,fcfs,20.00090292409682,1.4146633534549735,19459,4000
stationary,29,static,14.499504599414152,1.025549590330272,19459,4000
stationary,29,kupd_50,16.39349349915206,1.159511376879502,19459,4000
stationary,29,kupd_200,14.786631378796443,1.0458580601093195,19459,4000
stationary,29,kupd_500,14.315608715761345,1.0125426391720111,19459,4000
stationary,29,kupd_2000,14.199475820956883,1.0043285624858742,19459,4000
stationary,30,genie,15.631599344451942,1.0,20746,4000
stationary,30,fcfs,22.627678106622966,1.4475600102080477,20746,4000
stationary,30,static,16.312793309553648,1.0435780082441455,20746,4000
stationary,30,kupd_50,18.096480767376843,1.1576858111962645,20746,4000
stationary,30,kupd_200,16.216134194543525,1.0373944365647427,20746,4000
stationary,30,kupd_500,15.931212763906293,1.0191671634394015,20746,4000
stationary,30,kupd_2000,15.719329509303,1.005612360125018,20746,4000
stationary,31,genie,14.097521805273834,1.0,19720,4000
stationary,31,fcfs,19.82694776876268,1.406413697572398,19720,4000
stationary,31,static,14.405448782961457,1.0218426317718075,19720,4000
stationary,31,kupd_50,16.048942190669372,1.1384229379000157,19720,4000
stationary,31,kupd_200,14.622290060851928,1.0372241492388954,19720,4000
stationary,31,kupd_500,14.32058569979716,1.0158229153750895,19720,4000
stationary,31,kupd_2000,14.167848377281945,1.0049885769271734,19720,4000
stationary,32,genie,13.691396015621137,1.0,20229,4000
stationary,32,fcfs,19.585694300262002,1.4305111237682258,20229,4000
stationary,32,static,13.772134559296061,1.0058970278547787,20229,4000
stationary,32,kupd_50,15.497275693311583,1.131898871059608,20229,4000
stationary,32,kupd_200,14.12937713184043,1.0319895148544078,20229,4000
stationary,32,kupd_500,13.863233971031686,1.0125507987070486,20229,4000
stationary,32,kupd_2000,13.709580305502001,1.0013281545475798,20229,4000
stationary,33,genie,13.905468335419274,1.0,19975,4000
stationary,33,fcfs,19.600931664580724,1.4095844305117193,19975,4000
stationary,33,static,14.789827784730914,1.0635979621814713,19975,4000
stationary,33,kupd_50,15.84008110137672,1.1391260415896747,19975,4000
stationary,33,kupd_200,14.407579974968712,1.03610893408534,19975,4000
stationary,33,kupd_500,14.062316395494369,1.0112795956447997,19975,4000
stationary,33,kupd_2000,13.977569461827285,1.0051850915531093,19975,4000
stationary,35,genie,14.845397576115873,1.0,20298,4000
stationary,35,fcfs,21.21678687555424,1.4291828000409383,20298,4000
stationary,35,static,15.177976647945608,1.022402840349982,20298,4000
stationary,35,kupd_50,16.51944477288403,1.1127654000632128,20298,4000
stationary,35,kupd_200,15.321539560547837,1.032073373716714,20298,4000
stationary,35,kupd_500,14.932373140210862,1.005858756132939,20298,4000
stationary,35,kupd_2000,14.890102473150064,1.0030113640813578,20298,4000
stationary,34,genie,14.561397167081283,1.0,19697,4000
stationary,34,fcfs,20.89262019596893,1.4347950238731584,19697,4000
stationary,34,static,14.833396456313146,1.0186794773956696,19697,4000
stationary,34,kupd_50,17.18799309539524,1.1803807627919014,19697,4000
stationary,34,kupd_200,15.171711428136264,1.041913166302112,19697,4000
stationary,34,kupd_500,14.780824998730774,1.0150691468086281,19697,4000
stationary,34,kupd_2000,14.618708940447785,1.0039358704874877,19697,4000
stationary,36,genie,13.772486848635236,1.0,20150,4000
stationary,36,fcfs,19.48067593052109,1.4144632080335948,20150,4000
stationary,36,static,13.972193052109182,1.0145003735105207,20150,4000
stationary,36,kupd_50,15.719740942928041,1.1413872538557381,20150,4000
stationary,36,kupd_200,14.38076923076923,1.0441664885085202,20150,4000
stationary,36,kupd_500,14.032172208436725,1.018855371775303,20150,4000
stationary,36,kupd_2000,13.863370223325063,1.0065989080758377,20150,4000
stationary,39,genie,12.454880438834744,1.0,18777,4000
stationary,39,fcfs,17.539199020077756,1.4082189793962159,18777,4000
stationary,39,static,12.511966235287852,1.0045834078242224,18777,4000
stationary,39,kupd_50,14.056195345369334,1.1285692716520694,18777,4000
stationary,39,kupd_200,12.84253927677478,1.0311250549408169,18777,4000
stationary,39,kupd_500,12.585147787186452,1.010459140815638,18777,4000
stationary,39,kupd_2000,12.46659743302977,1.0009407552527354,18777,4000
stationary,37,genie,13.472289495197218,1.0,19572,4000
stationary,37,fcfs,19.00083946454118,1.4103645465245422,19572,4000
stationary,37,static,13.525926834253015,1.0039813083793159,19572,4000
stationary,37,kupd_50,15.070986102595542,1.1186655473791778,19572,4000
stationary,37,kupd_200,13.82162783568363,1.0259301390911284,19572,4000
stationary,37,kupd_500,13.670855303494788,1.0147388317604338,19572,4000
stationary,37,kupd_2000,13.548052319640302,1.0056236042485647,19572,4000
stationary,38,genie,14.583300281909207,1.0,20574,4000
stationary,38,fcfs,20.86185768445611,1.43053062620781,20574,4000
stationary,38,static,14.864776416836786,1.019301264424813,20574,4000
stationary,38,kupd_50,16.789521240400504,1.151284065735665,20574,4000
stationary,38,kupd_200,15.210662486633618,1.0430192201077189,20574,4000
stationary,38,kupd_500,14.727342762710215,1.0098772210690672,20574,4000
stationary,38,kupd_2000,14.625759696704579,1.002911509327422,20574,4000
