true_gittins,empirical_gittins,fcfs,mean_excess,imitation_tail_only,imitation_no_hazard,imitation_full,labelfree_tail_only|linear|seed0,labelfree_tail_only|linear|seed1,labelfree_tail_only|linear|seed2,labelfree_no_hazard|linear|seed0,labelfree_no_hazard|linear|seed1,labelfree_no_hazard|linear|seed2,labelfree_full|linear|seed0,labelfree_full|linear|seed1,labelfree_full|linear|seed2,labelfree_tail_only|mlp8|seed0,labelfree_tail_only|mlp8|seed1,labelfree_tail_only|mlp8|seed2,labelfree_no_hazard|mlp8|seed0,labelfree_no_hazard|mlp8|seed1,labelfree_no_hazard|mlp8|seed2,labelfree_full|mlp8|seed0,labelfree_full|mlp8|seed1,labelfree_full|mlp8|seed2,dist,trial
26.689561866532863,27.020503361766185,29.145714199698947,27.249046663321625,29.475324234821876,27.050969192172605,27.048666131460113,27.256359859508283,27.256359859508283,27.256359859508283,29.641615454089315,29.595934972403413,29.655011540391367,29.937027395885604,29.938637230306075,29.856668138484697,27.30467074761666,27.303347516307074,27.306967987957854,29.90160361264425,29.907757551430006,29.600064224786756,29.710898544907174,29.99383161063723,30.068144706472655,1-6-14,0
25.872645333987208,26.140153660679623,28.170733974948405,26.3658850814279,28.441265657246777,26.40074746112508,26.650883344571817,26.379212489016936,26.379212489016936,26.379212489016936,28.66129896401643,28.62296532417908,28.6929475469462,28.838107644210137,29.40334927154213,28.75323096099226,26.43519851243385,26.435463740575006,26.435546905331126,29.31245039743354,29.326567359365743,28.636611700279943,30.23744171315311,28.84182594658657,28.82055518093954,1-6-14,1
26.698544143481637,26.82476590268415,28.984104056869715,27.038626465661643,29.09024431098582,26.966997793847288,26.85986906075091,27.041771254647223,27.041771254647223,27.041771254647223,29.486408260816273,26.848642194713406,29.53461494464191,29.284111206438695,26.827959104465414,29.36367079298934,27.046705478612573,27.04608142337705,27.042209012542386,26.92345242472525,29.80789863953916,29.4188967193692,26.896498345385467,29.57910650815051,29.41482452914982,1-6-14,2
26.90493055136787,26.908720979316165,29.316663048503486,27.14524814569137,29.31695350660315,27.06704375967356,27.19926953305594,27.144763311825365,27.144763311825365,27.144763311825365,29.427421656716717,29.32037769603409,29.449080182516234,27.247661058513742,27.241672797443165,29.351124645721523,27.147812016321936,27.14631811694707,27.14649018070715,27.249685219803414,29.465556493597866,29.376937425877912,27.148929224708034,29.502564875675894,27.291941948581883,1-6-14,3
27.538609110356603,28.01068043098542,29.88004121445253,28.20067729083666,30.182390438247012,28.1330557572665,27.883917728102375,28.201115145330014,28.201115145330014,28.201115145330014,30.579699723274395,28.032098993189802,30.626522088983968,27.956026337997766,27.880216277746158,30.288178909975862,28.20328518438561,28.204116342511725,28.207507506918137,28.061820108727648,28.070350519105844,30.499613172924068,28.04219594528291,30.83359645163189,30.232062685219713,1-6-14,4
28.142209375615526,28.184992909198353,30.639099862123302,28.41679791215285,30.66726334449478,28.25614536143392,28.24970730746504,28.41839826669293,28.41839826669293,28.41839826669293,31.068415402796926,31.030350206815047,31.226442978136696,31.27784262359661,31.292391569824698,31.19942209966516,28.424218436084303,28.424729761670278,28.423645065983848,31.46570868623203,31.467793184951745,31.04916486113847,31.363971242859957,31.338659641520582,31.417589915304315,1-6-14,5
26.71773872325292,27.008916879062692,29.117504198526074,27.246210657341,29.41091241380673,27.062938177938474,27.0118297670559,27.234917906466716,27.234917906466716,27.234917906466716,29.485548376899217,27.030658526465537,29.650098393693323,29.414000553217555,27.037594689111494,29.53615632347421,27.23936419496967,27.238627427735956,27.23715132475846,27.045563195226524,29.603469069211464,29.426750834765773,27.02920435461245,29.752007389405886,29.49586548910359,1-6-14,6
25.48693951796271,25.530138205112998,27.755162623326807,25.71479051742887,27.776756430788698,25.6210208197402,25.888128398283808,25.742237973782547,25.742237973782547,25.742237973782547,28.12103683492497,27.99186685647626,28.15718785218578,27.86859382723372,25.994926745358566,28.0607424323309,25.746217846056506,25.74772307570635,25.74713901575815,25.80825058821203,28.57742155525239,28.044244221681797,25.876752080985433,28.41025446349131,27.884440555983943,1-6-14,7
26.180702726848185,26.273310795719887,28.538871291953463,26.488138717995575,28.58610870845262,26.484991167692023,26.306323120342732,26.49003411098252,26.49003411098252,26.49003411098252,28.79839901727884,26.2939221538649,28.824866500172586,26.250246695498568,26.27386489614424,28.5734584069359,26.49241538242878,26.49372642179854,26.494241335201313,26.294012710401816,26.30010659682037,28.75439848937077,26.290304359302343,28.8597866033177,28.487177113155063,1-6-14,8
26.106560583218027,26.23119824043287,28.390257326366658,26.456316061213112,28.46385824332418,26.24903450982012,26.275001135870802,26.445546973420626,26.445546973420626,26.445546973420626,28.48578385411289,28.298455215712192,28.5175942256459,28.42859957456476,26.28484149439293,28.475596125647964,26.445289027488077,26.447788562813656,26.446098800107396,26.25464158113215,26.26660767022573,28.42069907684682,26.373671960512997,28.59219119803391,28.43525329918837,1-6-14,9
28.03763365848852,28.135477583998426,30.489021381416887,28.372131244457584,30.572797319933,28.184790225637997,28.245193221006996,28.375001675041876,28.375001675041876,28.375001675041876,30.82801615922751,30.64443551088777,30.86786284362992,30.969453345157163,28.401609025519754,30.96795585771997,28.37845955266529,28.378147009557587,28.377721745984825,28.268310178342695,30.775389299438366,30.76321627746576,28.3283153020002,31.10742004138339,28.444107596807566,1-6-14,10
26.653894140648625,26.697108822284484,28.91091669522101,26.897414790478305,28.94219236893556,26.766423114909394,26.83701167032834,26.89834257150344,26.89834257150344,26.89834257150344,29.224602221192026,29.02494688892024,29.260489387862055,27.386686553927397,27.331885997621587,29.491811218833774,26.902123636949995,26.901646544252518,26.903313446072605,26.97113095358072,29.18602785560236,29.149346945357063,27.018641081974483,29.59171850119928,29.08375325015621,1-6-14,11
25.504037416518027,25.752994151076447,27.68026589787199,25.969435226282826,27.827572074501184,25.774998755548182,25.80783880200772,25.9649238810304,25.9649238810304,25.9649238810304,28.11871240718464,28.07778653503132,28.14825196001161,28.1512548222508,28.192989795495084,28.100968183515164,25.968385531173517,25.967627245198493,25.97233334716058,28.382180486995477,28.42883000788153,28.0848118803667,28.10182623304435,28.319450989339202,28.35400837930892,1-6-14,12
27.50244276583382,27.776124152624444,30.043440247917882,28.03267673833043,30.325678868874686,27.816987216734454,27.839875266318032,28.032776292852997,28.032776292852997,28.032776292852997,30.540360449351155,30.488620569436375,30.56261611466202,30.97607669959326,30.68401588223901,30.88945787332946,28.037096649234936,28.037164245593647,28.038943637420104,30.94262386209568,30.929755762153786,30.495008134805346,30.77449932209955,31.014394538059268,30.72312260313771,1-6-14,13
25.429316493911646,25.948608433128708,27.755445305424168,26.11077307034316,28.302937506289627,25.99579490791989,26.3682310556506,26.156399718224815,26.156399718224815,26.156399718224815,28.339363389352926,28.32750488074872,28.406506994062596,28.70801871792291,28.65826245345678,28.62809278454262,26.17098399919493,26.171334608030595,26.167997987320117,28.677672939518967,28.7203137767938,28.33689222099225,28.461392371943244,28.781579349904398,28.65949199959746,1-6-14,14
26.298024795330807,26.4488023424341,28.7671052528497,26.679469035214854,28.918113713815668,26.704897175760898,26.45427827176936,26.68043068667006,26.68043068667006,26.68043068667006,28.920605389948687,26.471795409142548,28.9643526969329,26.598837400603234,26.482620745035057,29.00903580242078,26.687368091190415,26.687823455677858,26.688401817540836,26.591466959144505,26.598157193779624,28.865105957930197,26.579668808022248,29.171063104704455,26.62156332014571,1-6-14,15
25.858150724163327,26.060805580558053,28.154572661811635,26.26815890679977,28.339021356681116,26.07195953686278,26.06314070043368,26.275786965060142,26.275786965060142,26.275786965060142,28.707277023156863,28.946324155142783,28.942962728090993,28.96507323459619,28.990002454790933,28.884508837247363,26.28072150396858,26.279948449390393,26.28342647901154,29.15940757712135,29.121384706652485,28.96417682677359,28.949190737255538,29.049505768758696,29.168080762621717,1-6-14,16
26.417922531635288,26.550390794792115,28.801030812666298,26.725145532468062,28.93244876404038,26.561556882578756,26.85689964048504,26.75033026628481,26.75033026628481,26.75033026628481,29.114827250015235,29.05819897223407,29.14180996486097,29.47063575244247,29.204475656571816,29.400703999350032,26.754573964617226,26.755430097698696,26.75871183961977,29.20961022078687,29.245878171145367,29.057428554018642,29.10308207909329,29.54246541953568,29.568166270590865,1-6-14,17
26.440995514801156,26.56776936110834,28.860333898136155,26.76818558756105,28.94203269211602,26.633745440047843,26.58451230937905,26.768330110634906,26.768330110634906,26.768330110634906,29.069024020731582,26.56212139938204,29.01588497956743,26.782768862752917,26.55155546695903,28.96065543705771,26.770058606598226,26.770611980464466,26.77232353234327,26.607476527459387,26.61729711950563,29.02095106149706,26.57240227250075,29.09464008771056,26.836837037775346,1-6-14,18
26.553950153021425,26.569474926489715,28.860692496949575,26.791673234252798,28.878393575100514,26.607506650931132,26.642965215130122,26.794193387074188,26.794193387074188,26.794193387074188,29.124807473046225,29.139580341247775,29.26629908187146,29.565665393155044,29.546655731802456,29.503918548596808,26.795355349748963,26.794850279039068,26.79765567179405,29.367449042866,29.43796131458404,29.154815674194385,29.240114015962234,29.686075050507075,29.555263336867167,1-6-14,19
26.653107248834257,26.98496917029558,139.59499055840303,27.296816062276005,27.41451886392539,30.587427453851788,26.9976189833905,27.343303210142974,27.343303210142974,27.343303210142974,26.75867258853906,26.881678870091335,26.865640679794982,26.92017900497129,26.914892674091483,26.868346757100465,27.0748751396971,27.15657462715326,27.13198697444988,26.897066746310074,26.93891171143397,27.080987706655364,27.244721761917603,28.43928532891441,27.01813229796909,bounded-Pareto,0
25.205822230153068,25.7327408993576,132.95676262986754,25.911425965580143,25.99090629708938,26.663548060908873,25.694129589975418,25.960368585930684,25.960368585930684,25.960368585930684,25.47285212943136,25.477738718375765,25.499946863351575,25.5333527638988,25.546503093028793,25.497315607899118,25.75593564120866,25.820773257197242,25.7376017130621,25.395048774684753,25.56617416131335,25.408108493932904,26.090890831945433,25.78611487826156,25.565858712031087,bounded-Pareto,1
24.804742691775363,25.280682799983225,120.4768447762446,25.583168854590447,25.26522941743908,26.62577695759762,25.26429581009101,25.602056997861006,25.602056997861006,25.602056997861006,25.02016902235457,25.010458415467852,25.101646814578704,25.07279264354318,24.998984397936507,25.097323113702135,25.345955206978992,24.930907603908903,25.323298032965653,25.217673321310237,24.96648156691692,25.13767772511849,25.307770205091643,25.30194879000126,24.855376630457577,bounded-Pareto,2
26.175980780902286,26.953269674286872,138.75276734776452,27.1860904309124,26.988611976532468,30.216377705846654,26.920109852316408,27.172676714545826,27.172676714545826,27.172676714545826,26.822304470969048,26.82797774630791,26.828628767954687,26.816961561804575,26.777404814889742,26.804102973902488,27.11393303661744,27.218660327736192,27.19445336839976,26.919450131499087,26.845445883066965,27.166221930002024,27.157573942949625,27.111348776046935,27.010635848674895,bounded-Pareto,3
27.20564827975623,27.94369497069647,145.54266418738683,28.542919059950542,28.84811016569638,31.070628711618216,27.899926011020465,28.606417959851242,28.606417959851242,28.606417959851242,27.59984150781752,27.613852294631908,27.665728888802352,27.594560447049204,27.565988434354253,27.6031517358204,27.866968983040945,27.911879514788065,27.843502988765362,27.649989291068753,27.57572382639849,27.71856928678518,28.041825386008295,27.748585836951655,27.578480500009736,bounded-Pareto,4
26.073396520581806,26.92630497195551,133.80210647399943,26.892670405932122,26.452263713280733,28.11963703774123,26.875535887441774,26.888028519821276,26.888028519821276,26.888028519821276,26.358300408784107,26.418902177013027,26.413902652343378,26.59544405361726,26.647594638273603,26.384248692841528,26.738128719460022,26.641038121494436,26.72159140602719,26.533668409544635,27.119931362296796,26.27658028329689,27.645577716512978,26.774133853027852,26.441042494533704,bounded-Pareto,5
25.751413874026095,27.068996902281047,145.42431540411152,27.172394067398855,28.995915516755844,30.87953552989768,26.92085666009575,27.184898526236744,27.184898526236744,27.184898526236744,26.59223880597015,26.641705622829253,26.543519008729938,26.646730310710595,26.614711724396887,26.614996714540506,26.9160264714165,27.06806477048719,26.72688256829062,26.596934009199284,26.55445620951845,26.710214211959073,26.764355205106543,26.66810532244438,26.684092556087485,bounded-Pareto,6
24.5170831808013,25.436596501932073,122.67920968069961,25.349458002847268,25.100860890787068,27.572582265609114,25.348007524913566,25.351629245474882,25.351629245474882,25.351629245474882,25.215155175920277,25.232348179784424,25.12533150294895,24.99644254626805,25.026902989627818,25.20707240187106,25.258102908277404,25.336435631482612,25.21581716493797,25.13280435224731,24.978527760829774,26.085193207240184,25.23183018100468,25.324599552572707,25.190927598128944,bounded-Pareto,7
24.65487331970514,25.274935679035288,115.65724359371451,25.427233682297796,26.21113031448099,28.433345929092077,25.244840281649427,25.432394433087612,25.432394433087612,25.432394433087612,25.172996964628634,25.175651985380657,25.18615271841252,25.200590348757977,25.23620599227736,25.15384046748849,25.153900968428008,25.30468046005493,25.138426975572486,25.25067686716637,25.249051601313266,25.031460901525946,25.233012451217245,26.876476697846336,25.861614941460694,bounded-Pareto,8
23.275017798936354,23.762995153542633,103.67444072739748,24.118183007376906,23.64215345685366,26.647765911820212,23.707324583976668,24.253704752101562,24.253704752101562,24.253704752101562,23.57519900497513,23.495558414822437,23.689566392177042,23.70710627895007,23.543919411562875,23.60735053182364,23.84585906673529,23.449843884028137,23.798192014067595,23.564096757591354,23.554419926230914,23.44671062789501,23.895242966203465,23.69516126265226,23.443017026934296,bounded-Pareto,9
24.66216813882102,25.078162208440354,117.85946751863686,25.588919793689573,25.028069494038295,27.616104951032593,25.06890914406231,25.605282215122468,25.605282215122468,25.605282215122468,24.80659880139489,24.94360771784752,24.816713023867695,25.016801770761557,25.005311658209614,24.873636534486,25.09662803566581,24.646719914802983,25.098796800935503,24.967660631877884,24.93268892647581,24.876091377978245,25.414992795840384,25.489024828248663,25.040495729708283,bounded-Pareto,10
26.89960144107439,27.692183114531463,134.26528217896484,27.735552851969217,27.54442300437604,29.49706069865701,27.698474988682662,27.74813810925004,27.74813810925004,27.74813810925004,27.12743247321563,27.124796476535384,27.14668175645088,27.136147200845027,27.42096725516825,27.111589897389468,27.32326486343745,27.425762599969826,27.28659272672401,27.049167043911275,27.44713822242342,27.54940018107741,27.690423457069567,28.6917038252603,27.81364644635582,bounded-Pareto,11
23.60873663982035,23.93562304320601,109.49939541813313,23.995006801546,24.048533241206577,25.589253341394425,23.918125580290628,23.98700667199275,23.98700667199275,23.98700667199275,23.67046315289444,23.61812881912206,23.67616068922333,23.7400367067562,23.708224472610283,23.630730248526337,23.813014056528406,24.017069505322482,23.910212467341783,23.861499147107722,23.804907693304255,23.847193012760997,24.552369960918103,24.330157839051672,23.73818927730875,bounded-Pareto,12
26.381913381630117,26.62143784914823,131.49061035551432,27.099321147278864,26.80824295781599,28.894847904617148,26.577330780315442,27.123645551629522,27.123645551629522,27.123645551629522,26.49760022898202,26.497397303539348,26.50846246471506,26.462966698908385,26.426213900787616,26.47662567362167,26.838354093053557,26.87752205925897,26.49863499082098,26.513482698039834,26.389283049408796,26.605751001796328,26.812366410706883,26.68405653487041,26.58166248840285,bounded-Pareto,13
26.014683789726167,26.284000199880072,136.41462802318608,26.787671597041776,26.430926644013592,27.395702178692783,26.26932520487707,26.835448930641615,26.83544773136118,26.835448930641615,26.17272016789926,26.16870097941235,26.214597641415153,26.19605136917849,26.197132320607633,26.19576853887668,26.452556466120328,26.54570517689386,26.353938037177695,26.149856685988407,26.13713591844893,26.172443733759742,26.460246052368575,26.434515090945432,26.060269838097142,bounded-Pareto,14
24.31752855099799,24.778099570957785,117.13037204385765,25.27768690281261,24.908310361265986,27.18458888635563,24.75269280991564,25.32245362405953,25.32245362405953,25.32245362405953,24.563501564864136,24.56552967023856,24.5848276576782,24.592713743859726,24.599305034509918,24.579342757062612,24.865845752067486,24.896139449084917,24.77897444400688,24.5391543515659,24.542119302754575,24.576788608618156,25.281612742761208,24.703577424503077,24.50950048707692,bounded-Pareto,15
24.708417718898783,25.10727137238667,121.6999223763196,25.47006499689505,24.967543779755744,27.544345684123375,25.13977934175119,25.517672324570484,25.517672324570484,25.517672324570484,24.966273235354997,24.952083005588904,24.930969157524324,24.985064789898573,24.963002276961294,24.89803456841233,25.183954460774164,25.228103912233497,25.131660318774586,25.00383440281516,24.860182363899817,25.177104326226456,26.992118194990685,25.52413682467398,25.21038646243014,bounded-Pareto,16
26.496616285321704,26.96571161160563,129.80485194256926,27.185941414262107,26.65086584224466,27.1289224764522,26.996579445207797,27.16148634924428,27.16148634924428,27.16148634924428,26.551343568910927,26.546353426130594,26.639979289881914,26.70375331063186,26.78422884680487,26.568379234123903,26.877644423203296,27.06956229961965,26.85794611386582,26.663864826652325,26.755522830913836,27.077785212179144,27.67327359260808,27.276633610132027,27.21740147758727,bounded-Pareto,17
27.599485512079443,28.248610123017638,153.57886245738848,28.523353898028756,28.559532199496072,30.92192159478287,28.23634300429821,28.580222691566625,28.580222691566625,28.580222691566625,28.061269823625317,28.128666259078106,28.15155180080036,28.221772824959245,28.28733881725211,28.19467485549133,28.30585612123907,28.403433563065065,28.330392211353193,28.46216596265007,28.268933414851045,28.48448921742997,29.044267266933453,29.936520490588407,28.37632225433526,bounded-Pareto,18
24.734675821889304,25.40374427798585,123.13175925925927,25.631752808988765,25.438068872243026,30.1139696213067,25.45196483562214,25.62290199750312,25.62290199750312,25.62290199750312,25.34965272575947,25.24783312526009,25.390945900957135,25.27421119434041,25.24393071161049,25.333478568456098,25.515152725759467,25.143325218476903,25.492005201831045,25.34764565126925,25.275184352892214,25.271593008739078,25.24700187265918,25.308945484810653,25.334504161464835,bounded-Pareto,19
